date,open,high,low,close,volume
2021-04-02,261.0,265.0,261.0,265.0,1263
2021-04-05,261.5,261.5,260.0,261.5,5149
2021-04-06,260.0,261.0,260.0,261.0,333
2021-04-07,260.05,260.05,260.05,260.05,43
2021-04-09,260.1,265.0,260.1,265.0,8102
2021-04-12,264.0,264.0,258.0,258.0,4420
2021-04-13,265.0,265.0,265.0,265.0,400
2021-04-20,260.5,260.5,260.0,260.0,2600
2021-04-21,258.2,261.0,258.2,261.0,55
2021-04-22,262.0,263.0,262.0,262.0,15000
2021-04-23,264.5,264.5,262.0,262.0,5028
2021-04-26,262.0,262.0,262.0,262.0,3509
2021-04-27,262.0,264.5,262.0,264.5,11800
2021-04-28,261.8,264.9,261.0,264.9,476
2021-04-30,264.9,264.9,264.5,264.5,580
2021-05-03,264.9,264.9,262.15,262.15,4509
2021-05-04,265.0,265.0,265.0,265.0,5300
2021-05-05,265.0,265.0,265.0,265.0,1538
2021-05-06,265.5,270.0,265.0,269.0,72645
2021-05-07,269.9,270.0,269.9,270.0,10333
2021-05-10,269.95,272.0,269.95,270.0,1272
2021-05-11,269.5,271.0,269.5,271.0,254
2021-05-12,269.9,271.0,269.9,271.0,310
2021-05-17,272.0,280.0,272.0,279.0,4234
2021-05-18,279.0,279.0,271.1,276.0,293
2021-05-19,276.0,279.5,276.0,276.1,14023
2021-05-20,271.1,276.0,271.1,276.0,98
2021-05-21,279.9,279.9,276.0,278.95,2003
2021-05-24,279.9,279.9,279.9,279.9,1
2021-05-26,276.0,278.5,270.0,278.5,89
2021-05-27,278.0,278.0,278.0,278.0,180
2021-05-28,277.9,277.9,277.9,277.9,20
2021-05-31,277.0,277.0,270.0,275.95,1316
2021-06-01,275.95,276.95,275.95,276.95,1513
2021-06-02,274.0,274.1,274.0,274.0,12521
2021-06-03,276.9,276.9,274.0,276.0,20788
2021-06-04,271.1,276.0,271.1,275.0,31562
2021-06-07,272.0,272.0,272.0,272.0,50
2021-06-08,277.4,277.4,277.4,277.4,30
2021-06-09,275.0,275.0,271.1,271.1,127
2021-06-10,273.0,273.0,273.0,273.0,400
2021-06-11,276.0,276.0,276.0,276.0,1
2021-06-14,273.6,273.6,272.0,272.05,5328
2021-06-15,271.1,272.5,270.5,272.5,13255
2021-06-16,270.5,272.5,270.5,272.5,16042
2021-06-17,270.0,272.4,270.0,272.4,21
2021-06-18,272.0,280.0,272.0,280.0,6592
2021-06-21,281.0,281.0,273.05,273.05,1703
2021-06-22,273.5,273.5,273.5,273.5,388
2021-06-23,273.5,273.5,273.1,273.1,1510
2021-06-24,276.0,276.0,275.0,275.0,16400
2021-06-25,275.0,276.9,273.1,273.1,16215
2021-06-28,276.0,276.0,276.0,276.0,5
2021-06-29,275.0,275.0,275.0,275.0,6800
2021-06-30,275.0,275.0,274.0,274.0,2395
2021-07-01,275.0,275.0,275.0,275.0,5500
2021-07-02,274.0,277.0,274.0,277.0,1021
2021-07-05,277.0,277.0,274.0,274.0,743
2021-07-06,274.0,275.0,274.0,275.0,2100
2021-07-07,277.0,277.0,277.0,277.0,22
2021-07-08,275.0,277.95,269.55,277.95,2449
2021-07-09,275.0,275.0,271.0,271.0,254
2021-07-12,277.3,277.3,271.5,271.5,20001
2021-07-13,274.0,282.35,272.5,282.35,1610
2021-07-14,283.0,293.6,283.0,290.0,3618
2021-07-15,288.0,288.0,281.0,281.0,84
2021-07-16,281.0,284.95,278.1,278.1,2931
2021-07-19,277.0,280.0,277.0,280.0,1900
2021-07-20,279.0,279.0,279.0,279.0,731
2021-07-23,283.8,283.8,283.8,283.8,152
2021-07-26,279.05,279.05,276.0,276.0,175
2021-07-27,283.85,283.85,280.0,280.0,201
2021-07-29,278.0,278.5,278.0,278.5,164
2021-08-02,278.05,280.0,278.0,280.0,1218
2021-08-03,280.0,280.0,280.0,280.0,190
2021-08-04,277.05,281.9,275.0,281.85,2860
2021-08-05,280.0,284.0,280.0,284.0,28
2021-08-06,283.8,283.8,283.8,283.8,132
2021-08-09,284.0,284.0,283.0,283.0,16
2021-08-12,277.0,277.0,277.0,277.0,350
2021-08-13,282.0,283.0,272.05,283.0,1438
2021-08-17,284.0,288.0,283.0,283.0,2285
2021-08-19,283.0,284.95,283.0,284.95,18
2021-08-23,282.0,282.0,282.0,282.0,1000
2021-08-24,278.0,284.0,278.0,284.0,9
2021-08-25,278.05,283.45,273.0,283.45,511
2021-08-26,284.45,284.45,284.45,284.45,1
2021-08-27,275.05,285.95,275.05,285.95,5744
2021-08-30,277.4,277.4,277.4,277.4,53
2021-08-31,284.9,284.9,279.3,284.0,1005
2021-09-02,280.0,280.0,280.0,280.0,50
2021-09-03,283.95,283.95,283.95,283.95,500
2021-09-06,283.95,286.0,283.95,286.0,100
2021-09-08,283.0,283.0,282.0,282.0,1475
2021-09-09,280.5,288.0,280.0,288.0,2257
2021-09-13,282.05,282.1,282.05,282.1,30
2021-09-14,288.0,288.0,287.0,287.0,90
2021-09-15,282.3,285.0,281.0,285.0,1911
2021-09-16,286.0,286.0,286.0,286.0,1501
2021-09-17,290.0,297.0,290.0,296.4,12232
2021-09-20,295.0,295.0,295.0,295.0,260
2021-09-21,291.0,298.5,291.0,295.0,776
2021-09-22,296.5,302.0,296.5,301.0,14296
2021-09-23,300.0,305.0,300.0,305.0,5093
2021-09-24,300.0,313.0,300.0,313.0,18912
2021-09-27,301.6,314.0,301.6,310.0,245
2021-09-28,305.05,312.0,305.05,305.8,6057
2021-09-29,310.0,310.0,310.0,310.0,253
2021-09-30,310.0,322.0,310.0,322.0,16382
2021-10-01,322.0,325.0,315.0,315.0,7303
2021-10-04,325.0,325.0,315.1,316.1,953
2021-10-05,320.0,320.0,315.0,317.0,19363
2021-10-06,316.0,320.0,316.0,317.0,1397
2021-10-07,320.0,322.0,317.2,317.25,178
2021-10-08,319.0,324.0,318.0,318.0,1983
2021-10-11,319.0,319.0,318.0,318.0,50
2021-10-12,323.0,323.0,315.0,315.1,749
2021-10-13,315.5,320.0,315.1,320.0,5542
2021-10-14,317.0,320.0,317.0,320.0,1047
2021-10-15,315.0,321.85,314.0,320.95,2703
2021-10-18,317.0,325.0,316.0,325.0,31831
2021-10-22,321.1,333.0,321.1,333.0,41177
2021-10-25,335.5,338.0,327.0,338.0,1290
2021-10-26,338.0,340.0,335.0,336.15,32711
2021-10-27,340.0,349.0,340.0,348.45,693
2021-10-28,355.0,355.0,349.0,351.0,3855
2021-10-29,350.0,350.0,345.2,349.0,4534
2021-11-01,350.0,350.0,346.0,350.0,146
2021-11-02,349.0,349.0,349.0,349.0,2
2021-11-03,346.0,346.2,346.0,346.0,55
2021-11-04,342.0,342.0,340.0,340.0,2492
2021-11-05,340.0,344.85,339.7,339.7,1070
2021-11-08,339.0,339.0,339.0,339.0,5
2021-11-09,335.0,339.7,330.5,332.0,702
2021-11-10,339.75,339.75,339.75,339.75,15
2021-11-11,332.2,338.95,332.0,338.95,2086
2021-11-12,336.9,337.0,336.9,337.0,510
2021-11-15,333.1,339.9,333.0,339.9,89
2021-11-16,334.0,334.0,334.0,334.0,3000
2021-11-17,334.0,339.0,333.1,339.0,310
2021-11-19,335.0,336.0,335.0,335.0,5521
2021-11-22,335.0,339.0,335.0,338.9,12330
2021-11-23,335.0,335.5,335.0,335.5,699
2021-11-24,333.5,338.9,333.5,338.45,70
2021-11-26,335.0,335.0,330.0,330.0,12879
2021-11-29,330.0,330.0,329.0,329.45,6850
2021-11-30,329.45,335.0,323.0,335.0,5443
2021-12-01,333.7,334.0,333.7,333.7,166
2021-12-02,330.5,334.0,330.5,334.0,312
2021-12-03,330.7,335.0,330.0,335.0,6048
2021-12-06,332.0,337.5,331.0,331.0,445
2021-12-07,330.0,330.0,330.0,330.0,3
2021-12-08,329.0,333.0,329.0,333.0,145
2021-12-09,330.0,334.0,330.0,334.0,805
2021-12-10,334.0,339.0,334.0,339.0,2423
2021-12-13,339.0,339.0,339.0,339.0,200
2021-12-15,338.9,338.9,338.0,338.0,283
2021-12-16,332.1,338.0,332.0,338.0,212
2021-12-20,330.0,333.0,330.0,333.0,327
2021-12-21,331.0,335.0,330.0,335.0,824
2021-12-22,330.1,334.9,330.05,334.9,1310
2021-12-23,334.0,334.0,331.9,334.0,3800
2021-12-24,333.95,333.95,333.95,333.95,2200
2021-12-27,332.0,334.0,330.5,334.0,3942
2021-12-28,337.0,337.0,330.1,330.1,715
2021-12-29,338.0,338.0,337.9,337.9,2000
2021-12-30,337.0,337.0,337.0,337.0,5000
2021-12-31,337.9,339.0,333.2,339.0,16625
2022-01-05,334.0,334.0,334.0,334.0,60
2022-01-06,336.5,340.0,336.1,340.0,537
2022-01-07,336.1,348.95,335.0,348.95,15743
2022-01-10,349.0,349.0,349.0,349.0,10
2022-01-12,347.0,348.95,347.0,348.95,5003
2022-01-13,348.0,350.0,348.0,348.0,5220
2022-01-14,350.0,350.0,348.05,350.0,11507
2022-01-17,350.0,350.0,345.0,349.5,21
2022-01-18,351.0,359.0,351.0,355.0,22170
2022-01-19,355.0,355.5,345.0,354.0,10500
2022-01-20,353.9,354.0,350.0,350.0,208
2022-01-21,350.0,353.0,350.0,353.0,12844
2022-01-24,350.0,350.0,348.0,349.0,2894
2022-01-25,348.0,350.0,348.0,350.0,1355
2022-01-26,349.0,349.0,342.0,349.0,94
2022-01-27,347.0,347.0,345.1,347.0,2192
2022-01-28,349.0,349.0,347.0,349.0,932
2022-01-31,345.0,345.0,345.0,345.0,4
2022-02-01,346.5,349.0,346.5,346.5,28
2022-02-02,348.9,350.0,347.0,350.0,1850
2022-02-03,350.0,350.0,349.5,350.0,136
2022-02-04,352.0,355.0,350.0,350.0,5664
2022-02-07,350.0,350.0,350.0,350.0,10
2022-02-08,346.0,346.0,346.0,346.0,200
2022-02-09,349.0,350.1,349.0,350.1,1900
2022-02-10,358.5,358.5,350.0,358.4,452734
2022-02-11,354.0,358.4,354.0,355.0,416
2022-02-14,355.0,359.5,350.0,350.0,3906
2022-02-15,358.5,358.5,358.5,358.5,2
2022-02-16,348.0,348.0,348.0,348.0,15
2022-02-17,348.4,349.0,348.25,349.0,1570
2022-02-18,355.0,355.0,350.0,355.0,10100
2022-02-22,351.6,351.6,351.0,351.0,1205
2022-02-23,347.5,350.0,347.5,350.0,5015
2022-02-24,347.85,348.0,337.0,347.0,5561
2022-02-25,355.0,355.0,326.2,355.0,2609
2022-02-28,358.0,358.0,358.0,358.0,100
2022-03-01,355.0,355.0,355.0,355.0,6
2022-03-02,350.0,354.0,350.0,354.0,154
2022-03-04,350.0,355.0,340.1,355.0,3318
2022-03-07,352.0,352.0,352.0,352.0,109
2022-03-08,350.0,350.0,331.0,340.0,26597
2022-03-09,343.95,347.9,338.0,341.0,13908
2022-03-10,341.0,341.0,341.0,341.0,7500
2022-03-11,342.0,345.0,340.0,345.0,5409
2022-03-14,350.0,350.0,342.0,342.0,50
2022-03-15,340.0,342.0,340.0,340.0,180
2022-03-16,342.0,342.0,342.0,342.0,500
2022-03-17,342.0,342.05,342.0,342.05,1706
2022-03-18,342.0,345.0,342.0,345.0,2238
2022-03-21,342.0,343.0,340.0,343.0,3490
2022-03-22,340.0,341.0,340.0,340.0,10208
2022-03-23,343.0,344.0,330.0,330.0,1835
2022-03-24,332.5,332.5,332.5,332.5,3093
2022-03-25,332.0,340.0,330.0,340.0,3111
2022-03-29,340.0,348.0,340.0,340.0,2940
2022-03-30,343.0,343.0,343.0,343.0,161
2022-03-31,346.0,346.0,344.0,344.0,11038
2022-04-05,342.0,342.0,342.0,342.0,99
2022-04-06,345.0,345.0,343.0,344.0,15406
2022-04-07,344.0,344.4,335.2,344.4,404
2022-04-08,340.0,345.0,340.0,344.0,10014
2022-04-11,344.0,344.0,344.0,344.0,100
2022-04-12,344.0,344.0,336.0,344.0,83
2022-04-13,344.0,344.0,344.0,344.0,2869
2022-04-15,344.0,344.1,344.0,344.0,2350
2022-04-18,344.8,345.0,344.8,345.0,4600
2022-04-19,335.7,345.0,335.0,345.0,1790
2022-04-20,345.0,345.0,345.0,345.0,2470
2022-04-21,337.15,337.15,336.3,337.0,1325
2022-04-22,337.3,337.3,337.1,337.1,10
2022-04-25,345.8,345.8,345.8,345.8,40
2022-04-26,345.0,345.0,345.0,345.0,3577
2022-04-27,338.1,338.1,336.5,336.5,150
2022-04-28,341.0,341.0,341.0,341.0,4
2022-04-29,341.0,341.0,340.0,340.0,2966
2022-05-04,344.4,344.4,344.4,344.4,2
2022-05-05,342.0,342.0,342.0,342.0,10
2022-05-06,344.0,344.0,344.0,344.0,4
2022-05-09,337.0,337.0,337.0,337.0,12
2022-05-10,338.1,338.1,325.0,325.0,6598
2022-05-11,335.0,335.0,327.5,335.0,3
2022-05-12,336.9,336.9,330.05,335.0,105
2022-05-13,336.0,336.0,335.0,335.0,313
2022-05-17,330.1,336.9,330.0,332.0,491
2022-05-18,322.1,331.95,322.1,331.95,1031
2022-05-19,332.0,332.0,329.0,329.0,399
2022-05-20,326.5,330.0,325.0,330.0,1870
2022-05-23,323.5,330.0,320.0,320.0,298
2022-05-24,320.2,324.5,315.0,315.0,1223
2022-05-25,320.0,320.0,315.05,320.0,651
2022-05-26,317.0,320.0,301.2,320.0,2452
2022-05-27,329.7,329.7,320.0,327.0,2295
2022-05-30,329.4,329.5,329.4,329.4,38
2022-05-31,320.0,322.1,320.0,322.0,375
2022-06-01,322.1,322.1,322.0,322.0,48
2022-06-03,321.0,335.0,321.0,335.0,2044
2022-06-07,330.0,335.0,330.0,330.0,5679
2022-06-08,335.0,335.0,335.0,335.0,20
2022-06-10,330.0,335.0,330.0,335.0,1934
2022-06-13,326.0,333.95,325.0,333.95,167
2022-06-14,325.0,326.0,320.0,320.0,1841
2022-06-15,320.0,329.0,320.0,329.0,101
2022-06-16,325.0,325.0,320.0,323.0,560099
2022-06-17,323.0,323.0,318.0,323.0,2197
2022-06-20,323.0,323.0,323.0,323.0,2
2022-06-22,321.0,321.0,320.5,320.5,2304
2022-06-23,316.0,318.0,310.0,310.0,55571
2022-06-24,310.0,320.0,308.0,320.0,10470
2022-06-28,320.0,320.0,320.0,320.0,9
2022-06-30,320.0,324.0,313.0,318.0,283
2022-07-01,310.0,313.0,310.0,310.0,1026
2022-07-04,306.0,313.95,305.0,313.95,17
2022-07-05,305.0,305.0,305.0,305.0,45
2022-07-06,304.0,307.0,300.0,307.0,8386
2022-07-07,312.75,312.75,312.75,312.75,5
2022-07-08,310.0,310.0,310.0,310.0,15
2022-07-13,309.0,309.0,304.0,304.0,10050
2022-07-14,309.0,310.0,304.3,304.3,70
2022-07-15,310.0,310.0,310.0,310.0,3000
2022-07-18,310.0,310.0,301.0,310.0,5001
2022-07-19,311.0,311.0,308.0,308.0,202
2022-07-20,308.0,310.0,308.0,308.0,1485
2022-07-21,303.0,303.0,302.1,302.1,120
2022-07-22,310.0,313.0,310.0,310.0,1596
2022-07-27,312.0,312.0,310.0,310.0,240
2022-07-29,315.0,315.0,312.0,315.0,204
2022-08-01,305.0,312.0,303.3,312.0,550
2022-08-05,310.0,310.0,308.0,308.0,188
2022-08-08,305.35,305.35,303.0,303.0,1137
2022-08-09,314.0,314.0,314.0,314.0,65
2022-08-10,305.2,314.0,305.0,314.0,162
2022-08-11,315.0,315.0,315.0,315.0,50
2022-08-12,316.0,316.0,310.0,314.9,15161
2022-08-15,315.0,315.0,315.0,315.0,100
2022-08-16,318.0,318.0,312.0,312.0,122
2022-08-17,315.0,315.0,314.0,315.0,10075
2022-08-18,315.0,315.0,315.0,315.0,60
2022-08-19,315.0,318.0,315.0,315.0,3991
2022-08-22,316.0,317.95,316.0,317.95,2165
2022-08-23,315.0,315.0,310.0,310.0,35
2022-08-24,317.9,317.9,317.9,317.9,6
2022-08-25,316.95,316.95,316.95,316.95,2575
2022-08-26,317.9,317.95,316.0,316.0,1109
2022-08-29,316.0,316.0,310.0,310.0,649
2022-08-31,317.0,317.0,317.0,317.0,9986
2022-09-01,311.0,311.0,310.0,310.0,385
2022-09-02,311.9,320.0,310.0,320.0,1890
2022-09-06,315.0,315.1,315.0,315.1,1100
2022-09-07,319.85,319.9,319.85,319.9,8
2022-09-09,319.9,319.9,318.0,318.0,89
2022-09-12,319.0,319.0,319.0,319.0,10
2022-09-13,319.9,319.9,314.0,319.0,7300
2022-09-14,320.0,320.0,320.0,320.0,60
2022-09-16,320.9,320.9,320.0,320.0,9743
2022-09-19,320.0,320.0,320.0,320.0,1673
2022-09-20,323.8,323.8,320.0,323.8,510
2022-09-21,320.0,320.0,320.0,320.0,8101
2022-09-22,320.0,323.0,320.0,323.0,6471
2022-09-23,320.0,323.0,320.0,323.0,6300
2022-09-26,320.0,323.0,316.0,323.0,211
2022-09-27,320.0,323.0,320.0,320.0,2006
2022-09-28,315.0,316.0,313.2,313.2,1506
2022-09-29,317.9,317.9,310.0,310.0,3890
2022-09-30,310.1,317.9,300.0,310.0,36240
2022-10-03,310.0,310.0,300.0,300.0,11369
2022-10-04,300.05,300.05,299.0,299.0,80
2022-10-06,300.0,300.0,299.5,300.0,366
2022-10-07,306.5,315.0,306.5,315.0,286
2022-10-11,316.95,316.95,316.95,316.95,2
2022-10-12,310.0,310.0,310.0,310.0,56
2022-10-13,302.0,308.0,300.2,300.2,413
2022-10-14,302.0,302.0,299.05,300.0,6776
2022-10-17,300.0,300.0,297.0,299.0,1106
2022-10-18,296.05,296.1,296.05,296.1,155
2022-10-19,297.0,297.0,297.0,297.0,1000
2022-10-20,295.0,297.0,290.0,290.0,13496
2022-10-21,289.0,289.95,285.0,288.0,1825
2022-10-24,290.0,290.0,290.0,290.0,511
2022-10-25,286.0,290.0,286.0,290.0,519
2022-10-26,285.0,290.0,285.0,285.0,12812
2022-10-27,283.0,290.0,281.0,289.9,23616
2022-10-28,298.0,298.0,298.0,298.0,5
2022-10-31,298.0,305.0,290.0,290.0,5097
2022-11-02,300.0,304.8,300.0,300.0,3
2022-11-03,300.0,300.0,290.1,290.1,1189
2022-11-04,307.0,307.0,307.0,307.0,100
2022-11-07,307.0,307.5,307.0,307.5,100
2022-11-08,307.0,307.5,307.0,307.0,11
2022-11-09,300.65,300.65,300.0,300.0,324
2022-11-10,295.0,299.8,288.0,288.0,1985
2022-11-11,298.8,298.8,296.5,298.8,21600
2022-11-14,299.8,299.9,299.8,299.9,20
2022-11-15,281.95,285.0,281.95,285.0,12381
2022-11-16,285.0,290.0,284.0,284.0,6091
2022-11-17,283.1,291.55,283.1,284.0,15129
2022-11-21,293.95,299.8,292.0,292.05,10702
2022-11-22,292.1,296.0,290.05,290.05,18815
2022-11-23,290.3,290.3,290.3,290.3,2
2022-11-24,296.0,296.0,295.8,296.0,25231
2022-11-25,293.0,299.5,293.0,293.5,547
2022-11-28,291.25,300.0,291.1,300.0,8288
2022-11-29,295.25,315.0,288.75,315.0,1196
2022-11-30,309.95,310.0,297.0,297.0,90
2022-12-02,298.0,309.85,297.0,297.0,1070
2022-12-05,297.0,298.05,297.0,297.0,143
2022-12-06,297.0,305.9,297.0,305.9,987
2022-12-08,300.5,305.0,300.0,300.0,134
2022-12-09,305.0,309.0,300.55,300.55,10460
2022-12-12,304.95,305.0,300.1,300.2,395
2022-12-13,304.95,304.95,304.95,304.95,15
2022-12-14,301.0,301.0,301.0,301.0,20
2022-12-15,301.0,304.0,301.0,304.0,251
2022-12-16,304.0,309.9,297.0,297.0,870
2022-12-20,290.0,304.0,290.0,304.0,302
2022-12-21,291.05,291.05,291.0,291.0,160
2022-12-22,291.0,295.0,290.0,295.0,3904
2022-12-23,297.0,297.0,294.0,294.0,20240
2022-12-26,299.9,299.9,290.6,299.9,30
2022-12-27,299.9,299.9,293.0,310.0,310
2022-12-29,290.0,290.0,290.0,290.0,1000
2022-12-30,299.0,304.0,290.05,304.0,15012
2023-01-03,295.0,295.0,295.0,295.0,2956
2023-01-04,295.0,295.0,295.0,295.0,7
2023-01-05,295.0,300.0,282.0,282.0,4321
2023-01-06,294.9,298.5,294.9,294.9,4
2023-01-09,290.0,290.0,290.0,290.0,15
2023-01-10,290.0,294.4,290.0,294.4,8
2023-01-13,303.0,303.0,292.5,302.0,20276
2023-01-17,294.0,294.0,294.0,294.0,5010
2023-01-18,294.0,302.8,294.0,300.0,5025
2023-01-19,293.0,293.0,293.0,293.0,2014
2023-01-20,290.05,299.95,290.0,299.95,25
2023-01-23,290.0,301.95,290.0,300.0,227
2023-01-26,290.05,290.05,290.05,290.05,3
2023-01-27,290.0,290.0,286.0,286.0,3147
2023-01-30,290.0,290.0,290.0,290.0,112
2023-01-31,290.0,298.5,290.0,298.5,44
2023-02-01,289.0,296.85,282.0,294.95,825
2023-02-02,296.45,296.45,287.0,287.0,2213
2023-02-03,294.85,294.85,294.85,294.85,10
2023-02-06,294.5,294.5,287.05,290.0,74
2023-02-07,290.0,294.95,290.0,290.0,298
2023-02-08,297.95,297.95,297.95,297.95,4
2023-02-09,295.0,303.0,295.0,303.0,21569
2023-02-10,295.0,301.0,295.0,295.0,1050
2023-02-13,302.45,302.45,302.45,302.45,7
2023-02-14,293.55,293.55,293.5,293.5,53
2023-02-15,302.4,302.4,292.0,293.0,34
2023-02-16,300.0,300.0,300.0,300.0,5
2023-02-17,300.0,300.0,292.0,300.0,769
2023-02-20,292.0,292.0,292.0,292.0,180
2023-02-21,299.95,300.0,294.0,300.0,33
2023-02-22,299.0,302.0,299.0,302.0,12158
2023-02-23,302.5,302.5,294.05,300.0,1006
2023-02-24,304.0,317.8,302.5,317.8,27979
2023-02-27,318.5,325.0,316.0,319.5,1631
2023-02-28,317.0,324.9,315.0,324.9,1108
2023-03-01,320.0,325.0,316.0,317.0,10514
2023-03-02,324.5,324.5,317.0,317.0,4499
2023-03-03,316.0,317.0,316.0,317.0,2209
2023-03-06,316.0,316.0,316.0,316.0,159
2023-03-07,315.0,316.0,315.0,315.0,61
2023-03-08,308.2,315.0,308.2,315.0,1576
2023-03-09,308.5,316.0,308.5,308.5,14725
2023-03-10,315.0,315.0,300.1,300.1,1150
2023-03-14,302.0,310.0,300.1,310.0,3064
2023-03-15,310.0,310.0,310.0,310.0,545
2023-03-16,305.05,305.05,305.05,305.05,1
2023-03-17,309.95,313.8,305.65,309.0,2709
2023-03-20,309.0,309.0,309.0,309.0,75
2023-03-21,305.5,305.5,305.5,305.5,7
2023-03-22,309.0,311.0,309.0,311.0,1713
2023-03-23,306.0,313.0,306.0,306.0,18
2023-03-24,306.0,312.0,306.0,310.0,603
2023-03-28,310.0,312.0,304.05,310.0,2400
2023-03-29,310.0,312.0,310.0,312.0,400
2023-03-30,310.0,311.0,305.15,310.0,380
2023-03-31,312.0,313.0,305.3,313.0,1002
2023-04-03,306.0,306.0,305.1,305.1,160
2023-04-05,312.8,312.8,306.05,312.8,111
2023-04-06,306.55,310.0,306.15,310.0,674
2023-04-07,312.9,312.9,307.0,307.0,23
2023-04-10,310.0,310.0,310.0,310.0,325
2023-04-11,306.05,306.05,306.05,306.05,60
2023-04-12,310.0,313.0,310.0,313.0,11033
2023-04-13,313.0,313.0,306.1,308.0,80
2023-04-14,306.15,313.0,306.15,313.0,98
2023-04-17,307.0,313.95,307.0,309.15,330
2023-04-18,308.1,314.0,308.0,314.0,6952
2023-04-19,308.0,313.0,308.0,313.0,6
2023-04-20,310.0,312.0,308.0,312.0,4025
2023-04-21,310.0,312.0,308.1,312.0,3699
2023-04-25,312.0,312.0,312.0,312.0,1000
2023-04-26,312.0,312.0,312.0,312.0,830
2023-04-27,312.0,314.0,312.0,314.0,1585
2023-04-28,314.05,314.05,314.05,314.05,1280
2023-05-02,314.05,314.05,314.05,314.05,1822
2023-05-03,314.05,314.05,314.05,314.05,550
2023-05-04,314.5,314.5,314.15,314.5,2459
2023-05-05,314.2,320.0,314.2,320.0,2922
2023-05-08,320.0,320.0,314.55,320.0,510
2023-05-09,314.55,314.7,314.55,314.65,1305
2023-05-10,314.55,314.55,314.55,314.55,50
2023-05-11,314.7,320.0,314.55,320.0,17829
2023-05-12,315.0,330.0,315.0,330.0,1313
2023-05-15,329.0,329.0,315.25,320.0,1863
2023-05-16,317.2,318.1,317.0,318.1,3010
2023-05-17,320.0,320.1,320.0,320.1,211
2023-05-18,325.0,325.0,324.9,325.0,141
2023-05-19,330.0,330.0,327.0,330.0,656
2023-05-22,330.0,330.0,322.0,330.0,6
2023-05-23,334.0,345.0,330.0,340.0,28917
2023-05-24,345.0,350.0,340.0,349.4,6970
2023-05-25,342.0,349.5,342.0,349.5,5886
2023-05-26,342.6,355.0,342.2,355.0,8468
2023-05-29,353.0,354.0,353.0,354.0,10439
2023-05-30,350.0,355.0,350.0,355.0,2172
2023-05-31,360.0,362.0,355.9,360.0,38258
2023-06-01,361.5,361.5,356.0,359.9,246
2023-06-02,359.8,359.9,356.0,356.0,103
2023-06-05,352.0,352.0,350.0,352.0,61
2023-06-06,351.0,355.0,350.0,355.0,2868
2023-06-07,350.0,360.0,350.0,355.0,8474
2023-06-08,354.95,355.0,347.0,355.0,11290
2023-06-09,350.0,358.0,350.0,358.0,40
2023-06-12,351.05,359.95,350.0,359.95,2188
2023-06-13,351.1,359.95,350.0,359.95,1117
2023-06-14,358.0,360.0,358.0,360.0,16768
2023-06-15,355.0,366.0,355.0,366.0,13058
2023-06-16,362.1,365.0,362.1,365.0,8819
2023-06-19,365.95,369.0,351.6,369.0,3281
2023-06-20,355.05,377.0,352.0,377.0,7482
2023-06-21,366.0,374.0,366.0,366.0,2175
2023-06-22,362.0,374.0,362.0,362.0,2391
2023-06-23,360.0,366.0,352.1,363.0,27952
2023-06-27,368.75,368.75,368.75,368.75,5
2023-06-28,368.3,368.3,368.3,368.3,5
2023-07-03,367.9,367.9,363.0,363.0,85
2023-07-04,360.0,360.0,360.0,360.0,2
2023-07-05,358.95,359.0,358.0,359.0,208
2023-07-06,357.5,359.0,350.2,359.0,1065
2023-07-07,340.0,359.0,340.0,359.0,1894
2023-07-10,355.0,355.0,355.0,355.0,5000
2023-07-11,351.0,351.0,351.0,351.0,10754
2023-07-12,351.0,351.0,351.0,351.0,10000
2023-07-14,351.0,351.0,350.0,350.0,8354
2023-07-17,350.0,350.0,350.0,350.0,74
2023-07-18,351.0,351.0,351.0,351.0,10000
2023-07-20,355.75,355.75,355.75,355.75,2
2023-07-21,356.0,356.0,346.0,356.0,4257
2023-07-24,350.0,353.0,350.0,353.0,11056
2023-07-25,351.0,353.5,350.0,350.0,427
2023-07-27,357.0,357.0,357.0,357.0,500
2023-07-28,356.5,365.0,354.5,365.0,11613
2023-07-31,364.5,364.5,364.5,364.5,229
2023-08-01,365.0,369.0,364.0,369.0,1660
2023-08-02,366.0,368.9,360.0,368.85,11098
2023-08-03,368.0,368.0,361.0,361.0,5010
2023-08-04,361.0,361.0,361.0,361.0,5000
2023-08-07,360.0,365.0,360.0,360.0,72
2023-08-08,360.0,364.0,360.0,360.0,1031
2023-08-09,360.0,360.0,360.0,360.0,1110
2023-08-10,355.05,362.0,355.05,355.05,94
2023-08-11,360.0,360.0,358.0,358.0,1598
2023-08-15,360.0,360.0,360.0,360.0,1
2023-08-16,350.2,359.9,350.1,359.9,13
2023-08-17,348.5,350.25,348.5,348.5,427
2023-08-18,349.6,359.9,349.6,359.9,990
2023-08-22,350.5,350.5,350.5,350.5,47
2023-08-23,351.0,351.0,348.0,348.0,805
2023-08-24,352.0,352.0,352.0,352.0,113
2023-08-25,350.0,356.0,335.0,350.0,4126
2023-08-28,350.0,355.8,345.0,350.0,6317
2023-08-29,355.5,355.5,355.5,355.5,250
2023-08-30,355.5,356.5,355.45,356.5,240
2023-08-31,361.5,375.0,360.0,374.95,20162
2023-09-01,374.9,374.9,366.1,366.1,8739
2023-09-04,365.2,371.0,365.2,366.0,5013
2023-09-05,364.1,368.0,364.0,364.2,3613
2023-09-06,361.0,369.9,361.0,369.9,6197
2023-09-07,362.0,369.95,360.3,361.3,1880
2023-09-08,369.9,369.9,364.0,364.0,4203
2023-09-11,361.0,369.9,360.0,360.0,332
2023-09-12,359.9,360.05,350.15,360.05,792
2023-09-13,360.0,360.0,360.0,360.0,731
2023-09-14,360.0,360.0,360.0,360.0,180
2023-09-15,365.0,379.0,360.05,379.0,4674
2023-09-18,366.2,371.25,366.2,370.05,623
2023-09-19,370.05,376.0,370.0,373.6,581
2023-09-20,371.0,380.0,366.0,380.0,1800
2023-09-21,375.0,381.0,375.0,381.0,10990
2023-09-22,380.0,387.0,375.0,386.95,1843
2023-09-25,380.0,386.0,371.0,385.0,677
2023-09-26,381.0,384.95,380.0,384.95,427
2023-09-27,384.95,386.0,384.95,386.0,5579
2023-10-02,386.0,386.0,386.0,386.0,1624
2023-10-03,382.0,382.0,369.0,369.0,7655
2023-10-04,365.0,378.0,361.0,378.0,122
2023-10-05,390.0,400.65,388.05,400.65,16683
2023-10-06,403.85,407.95,402.0,402.0,3968
2023-10-09,401.0,401.0,385.25,395.0,5020
2023-10-10,400.95,400.95,385.05,400.95,351
2023-10-11,390.0,397.9,386.2,397.9,6320
2023-10-12,397.9,401.0,388.0,390.0,3419
2023-10-13,389.5,400.0,389.0,390.0,1027
2023-10-16,390.0,397.0,390.0,397.0,1705
2023-10-17,397.95,397.95,388.2,390.1,2059
2023-10-18,390.0,396.0,390.0,391.2,33
2023-10-19,391.2,399.0,390.0,399.0,445
2023-10-20,399.85,399.95,396.95,396.95,346
2023-10-23,399.85,399.85,385.05,397.0,744
2023-10-24,396.9,396.95,386.05,396.95,260
2023-10-25,390.5,394.7,380.0,394.7,2510
2023-10-30,386.65,393.0,386.4,393.0,658
2023-10-31,382.0,387.5,382.0,387.0,7205
2023-11-01,388.0,392.9,380.0,392.9,3808
2023-11-02,381.0,391.0,378.0,391.0,3190
2023-11-03,392.95,392.95,392.95,392.95,484
2023-11-07,386.2,390.85,375.0,390.0,2671
2023-11-08,390.0,390.0,389.0,390.0,558
2023-11-09,380.05,389.9,378.25,380.0,8553
2023-11-10,380.15,385.0,380.0,385.0,1257
2023-11-13,385.0,385.0,385.0,385.0,2
2023-11-14,381.0,387.0,375.0,387.0,11451
2023-11-15,387.0,387.0,377.0,386.0,320
2023-11-16,384.0,384.95,375.0,375.0,1708
2023-11-17,372.0,375.0,368.9,368.9,3279
2023-11-20,369.0,377.9,362.0,377.9,1456
2023-11-21,370.0,378.0,363.0,363.0,163
2023-11-22,375.9,375.9,360.05,370.0,6450
2023-11-23,365.05,369.0,365.0,369.0,479
2023-11-24,369.0,369.0,364.0,365.0,14561
2023-11-27,364.0,364.9,335.0,335.0,57802
2023-11-28,359.85,359.85,339.0,343.0,7765
2023-11-29,349.8,356.0,345.15,350.0,8152
2023-11-30,350.0,353.0,350.0,351.0,7808
2023-12-01,351.0,355.0,350.0,350.0,10134
2023-12-04,348.0,352.0,348.0,352.0,1616
2023-12-05,340.0,350.0,340.0,345.0,50632
2023-12-06,340.0,352.0,340.0,352.0,74
2023-12-07,341.0,345.0,340.0,341.5,56097
2023-12-08,342.05,345.0,342.0,345.0,29409
2023-12-11,342.1,350.0,342.1,345.0,1928
2023-12-12,349.0,349.0,344.0,347.05,18140
2023-12-13,354.0,355.0,349.0,354.0,2821
2023-12-14,355.25,360.0,353.2,360.0,7803
2023-12-15,360.0,360.0,356.05,359.0,16153
2023-12-18,358.5,360.0,356.0,359.0,20935
2023-12-19,359.0,360.0,355.0,359.0,56640
2023-12-20,365.0,365.0,356.6,359.0,718
2023-12-21,355.3,357.95,350.0,351.55,3580
2023-12-22,351.0,354.5,350.35,353.9,73158
2023-12-25,356.0,358.9,352.0,353.0,539
2023-12-26,356.0,356.0,350.0,350.0,468
2023-12-27,353.0,353.0,349.5,350.5,5784
2023-12-28,350.0,351.55,320.0,320.0,13792
2023-12-29,347.0,351.55,345.0,351.55,27251
2024-01-02,350.5,351.0,341.5,350.0,1743
2024-01-03,349.0,350.0,347.5,347.5,6693
2024-01-04,349.0,350.0,349.0,350.0,1106
2024-01-05,349.0,350.0,347.5,347.5,683
2024-01-08,347.5,348.8,342.0,342.5,38787
2024-01-09,342.5,345.0,342.5,342.7,45541
2024-01-10,345.0,345.0,340.0,344.0,1148
2024-01-12,348.0,348.0,340.0,340.0,3778
2024-01-15,342.5,344.9,341.0,342.5,460
2024-01-16,342.0,342.0,340.0,340.0,1405
2024-01-17,336.0,342.0,336.0,340.0,2615
2024-01-18,340.0,340.0,338.5,338.5,2094
2024-01-19,340.0,340.0,335.45,335.45,24745
2024-01-22,338.75,339.95,335.0,335.0,2856
2024-01-23,335.0,339.4,333.0,333.1,16152
2024-01-24,333.0,338.0,332.0,335.95,912
2024-01-25,334.6,337.8,330.05,337.45,615
2024-01-26,337.0,337.0,333.0,333.0,925
2024-01-29,345.0,345.0,335.0,336.0,10337
2024-01-30,340.0,340.0,336.0,336.0,30377
2024-01-31,343.95,343.95,336.0,340.0,461
2024-02-01,336.2,340.0,333.0,336.0,30912
2024-02-02,339.0,339.0,333.05,333.05,4017
2024-02-05,335.0,339.0,333.3,334.95,2018
2024-02-06,336.0,340.0,336.0,340.0,9240
2024-02-07,340.0,342.0,336.7,342.0,11259
2024-02-08,345.0,350.0,345.0,350.0,18010
2024-02-09,345.65,352.0,345.6,352.0,1378
2024-02-12,345.0,352.0,344.0,350.0,3379
2024-02-13,349.95,349.95,348.0,348.0,15
2024-02-14,350.0,353.95,346.0,353.95,5318
2024-02-15,350.0,354.0,346.05,354.0,1755
2024-02-16,355.0,357.9,348.0,357.9,2507
2024-02-19,356.0,356.0,348.3,355.0,776
2024-02-20,355.0,369.0,345.05,368.0,6219
2024-02-21,359.5,370.0,359.0,370.0,3720
2024-02-22,370.0,370.5,370.0,370.0,76
2024-02-23,376.0,378.4,369.0,378.4,7431
2024-02-26,375.0,378.4,369.0,370.0,11119
2024-02-27,375.0,375.0,365.0,367.1,6084
2024-02-28,368.0,373.0,365.5,365.5,6431
2024-02-29,365.5,365.5,360.0,360.0,37561
2024-03-01,364.0,365.0,364.0,365.0,5630
2024-03-04,365.0,365.1,360.0,365.0,8162
2024-03-05,364.95,370.0,360.1,370.0,98984
2024-03-06,370.0,372.0,370.0,370.0,660
2024-03-07,370.0,374.0,370.0,372.0,1717
2024-03-08,370.0,370.0,362.0,365.0,7577
2024-03-11,370.0,370.0,360.0,367.0,7415
2024-03-12,367.0,367.0,367.0,367.0,586
2024-03-13,367.0,367.0,367.0,367.0,107
2024-03-14,361.6,366.9,361.6,366.9,295
2024-03-15,366.8,367.0,360.0,367.0,7951
2024-03-18,365.0,367.0,365.0,365.0,214
2024-03-19,365.0,367.0,360.1,360.1,370
2024-03-20,365.0,366.9,365.0,365.0,20043
2024-03-21,366.0,366.0,364.0,366.0,5510
2024-03-22,366.5,367.0,366.5,367.0,6017
2024-03-27,361.1,367.0,361.1,361.1,390
2024-03-28,365.0,366.8,362.0,366.8,8023
2024-03-29,363.1,369.5,363.0,369.5,5602
2024-04-01,369.75,370.8,369.75,370.0,119
2024-04-02,367.0,367.5,364.0,367.5,17462
2024-04-03,369.0,388.0,366.55,388.0,58721
2024-04-04,385.0,385.0,375.15,384.0,10293
2024-04-05,383.95,385.0,374.2,385.0,25911
2024-04-08,384.5,385.0,372.0,384.0,3548
2024-04-09,380.0,385.0,380.0,385.0,4919
2024-04-15,385.0,385.0,370.05,379.0,5653
2024-04-16,375.0,379.0,374.0,374.0,31158
2024-04-17,370.0,377.0,369.0,370.0,4669
2024-04-18,370.0,370.0,368.0,370.0,7556
2024-04-19,370.0,375.0,370.0,375.0,2011
2024-04-22,367.5,377.0,367.0,377.0,1087
2024-04-23,370.0,376.5,370.0,376.5,357
2024-04-24,376.5,376.5,370.0,375.0,122
2024-04-25,372.0,372.0,371.1,372.0,282
2024-04-26,373.5,375.0,370.0,375.0,9968
2024-04-29,376.9,383.0,372.0,383.0,336
2024-04-30,379.0,379.0,374.0,379.0,54
2024-05-02,380.0,381.0,379.0,380.0,8595
2024-05-03,375.0,381.0,375.0,380.0,4530
2024-05-06,380.0,381.0,380.0,381.0,20
2024-05-07,370.0,380.0,370.0,380.0,221
2024-05-08,380.0,382.0,380.0,380.0,5224
2024-05-09,380.0,389.0,380.0,385.5,2939
2024-05-10,387.0,387.0,385.0,387.0,516
2024-05-13,388.0,389.0,383.0,389.0,1534
2024-05-14,389.0,389.0,389.0,389.0,2
2024-05-15,387.0,387.0,376.0,386.9,69
2024-05-16,385.0,385.0,385.0,385.0,408
2024-05-17,384.0,388.85,381.0,388.85,5955
2024-05-21,388.6,388.6,388.6,388.6,1
2024-05-23,384.0,386.9,384.0,384.0,15081
2024-05-24,384.0,384.0,376.5,384.0,5126
2024-05-27,377.05,380.0,376.5,380.0,4063
2024-05-28,375.0,380.0,375.0,377.0,350
2024-05-29,380.0,384.5,377.0,384.5,713
2024-05-30,382.5,385.0,380.05,380.05,19432
2024-05-31,382.5,385.0,382.5,382.5,1146
2024-06-03,382.5,382.5,382.5,382.5,1
2024-06-04,381.0,385.0,380.0,380.0,1967
2024-06-05,378.0,380.0,370.2,370.2,1203
2024-06-06,371.0,380.0,371.0,380.0,3176
2024-06-07,382.0,382.0,372.1,382.0,203
2024-06-10,372.05,380.0,371.1,379.95,10500
2024-06-11,379.9,379.95,379.9,379.95,625
2024-06-12,372.3,379.95,366.0,379.95,5084
2024-06-13,379.85,379.85,379.85,379.85,1500
2024-06-14,379.85,379.85,379.85,379.85,1000
2024-06-19,372.0,372.0,372.0,372.0,37
2024-06-20,379.85,379.85,377.0,377.0,214135
2024-06-21,377.0,378.5,377.0,378.5,1400
2024-06-25,371.0,385.0,370.0,385.0,14461
2024-06-26,385.9,386.05,385.0,386.05,8203
2024-06-27,384.0,384.0,380.0,384.0,120
2024-06-28,384.0,388.0,375.0,388.0,1385
2024-07-01,380.1,380.1,380.0,380.0,2670
2024-07-02,376.0,380.0,374.0,380.0,264
2024-07-03,385.95,385.95,374.05,384.0,15
2024-07-05,384.0,384.0,380.0,384.0,160
2024-07-08,383.9,383.9,383.9,383.9,11
2024-07-09,370.5,379.9,370.5,379.9,48
2024-07-10,370.0,383.45,370.0,383.45,50194
2024-07-11,382.8,382.8,382.8,382.8,2
2024-07-12,382.75,382.75,378.0,378.0,18620
2024-07-15,370.4,371.1,370.0,370.4,272
2024-07-16,377.95,378.0,377.95,378.0,18096
2024-07-17,378.0,389.0,378.0,389.0,55381
2024-07-18,389.0,389.0,389.0,389.0,73
2024-07-19,388.0,388.0,388.0,388.0,316
2024-07-22,380.0,388.0,376.0,382.05,678
2024-07-23,383.0,384.0,382.0,383.0,103
2024-07-24,383.0,395.0,383.0,395.0,25899
2024-07-25,383.0,394.0,383.0,393.0,7090
2024-07-26,391.0,403.9,390.9,400.0,13836
2024-07-29,403.9,410.0,402.0,402.0,2510
2024-07-31,402.0,409.0,386.1,400.0,2989
2024-08-01,393.2,408.0,392.0,408.0,28
2024-08-02,392.0,407.0,382.0,407.0,2956
2024-08-05,399.95,399.95,390.0,395.0,12477
2024-08-06,390.25,398.95,390.25,398.95,263
2024-08-07,398.85,398.85,387.1,395.0,1510
2024-08-08,384.1,394.9,384.05,394.9,992
2024-08-09,394.75,398.95,385.25,398.95,2905
2024-08-13,390.05,400.0,387.0,400.0,2038
2024-08-15,399.0,400.0,399.0,400.0,4741
2024-08-16,388.6,403.45,377.0,403.45,5753
2024-08-19,400.0,406.0,400.0,406.0,630
2024-08-22,406.9,407.0,400.0,402.0,4155
2024-08-23,405.0,405.0,392.9,400.0,7393
2024-08-26,400.0,400.0,400.0,400.0,5400
2024-08-27,400.0,406.15,400.0,406.15,10089
2024-08-28,398.0,406.15,398.0,406.15,5327
2024-08-29,400.0,412.0,400.0,412.0,2154
2024-08-30,400.0,410.0,385.1,410.0,22138
2024-09-02,410.0,412.0,410.0,412.0,2053
2024-09-03,410.0,410.0,405.0,409.95,2159
2024-09-04,400.0,405.0,400.0,400.25,2651
2024-09-05,405.0,407.0,400.5,400.55,6999
2024-09-06,400.0,405.0,400.0,405.0,6041
2024-09-09,403.0,410.0,401.0,410.0,6383
2024-09-10,410.0,410.0,405.0,410.0,1509
2024-09-11,405.0,412.0,405.0,412.0,2975
2024-09-12,400.1,412.0,400.0,412.0,44
2024-09-13,412.8,412.8,400.45,405.0,6114
2024-09-18,410.0,430.0,409.0,430.0,14563
2024-09-19,420.0,429.0,416.15,420.0,160741
2024-09-20,420.0,427.0,420.0,420.0,5012
2024-09-23,425.0,425.0,407.0,419.75,365
2024-09-24,419.75,425.0,415.0,425.0,3351
2024-09-25,421.85,421.85,410.2,411.0,3521
2024-09-26,413.0,418.0,413.0,418.0,227
2024-09-27,412.5,417.5,411.0,412.0,3545
2024-09-30,402.65,415.0,402.6,408.0,4916
2024-10-01,408.0,408.0,400.0,400.5,13347
2024-10-02,400.55,400.55,400.0,400.0,44480
2024-10-03,400.0,409.95,400.0,409.95,98
2024-10-04,400.25,405.0,400.0,405.0,2140
2024-10-07,405.0,405.95,400.0,400.0,957
2024-10-08,400.0,409.0,400.0,400.1,353
2024-10-09,400.0,400.0,396.0,396.0,12081
2024-10-10,400.0,400.0,390.0,390.0,77
2024-10-11,392.0,392.0,390.0,390.1,18639
2024-10-14,390.0,399.85,388.0,399.85,8109
2024-10-15,386.25,399.85,386.25,394.0,1179
2024-10-16,388.0,399.0,387.5,399.0,4543
2024-10-17,388.0,404.0,388.0,404.0,2840
2024-10-18,404.0,404.95,388.2,404.0,14769
2024-10-21,400.0,404.9,395.05,403.95,10
2024-10-22,403.95,403.95,400.0,402.0,5402
2024-10-23,399.9,403.0,399.9,401.0,3949
2024-10-24,400.0,408.0,400.0,403.0,11539
2024-10-25,403.0,403.0,395.05,403.0,6752
2024-10-28,403.0,406.0,402.0,406.0,403
2024-10-29,396.05,400.0,396.0,400.0,1111
2024-10-30,403.95,408.8,403.95,405.0,9147
2024-10-31,400.6,406.0,400.55,406.0,2452
2024-11-01,400.0,407.0,400.0,407.0,3610
2024-11-04,397.0,397.1,396.1,397.1,342
2024-11-05,400.0,400.0,400.0,400.0,250
2024-11-07,404.0,409.95,397.2,409.95,1226
2024-11-08,409.95,415.0,409.95,415.0,20597
2024-11-11,419.9,420.0,415.1,418.0,11526
2024-11-12,410.05,420.0,410.0,418.0,2540
2024-11-13,419.9,419.9,410.0,415.0,3295
2024-11-14,417.95,419.8,410.3,418.0,10335
2024-11-15,418.0,419.9,412.0,415.1,18761
2024-11-19,410.35,418.0,410.35,410.35,101
2024-11-20,418.0,419.95,410.0,419.9,7125
2024-11-21,420.0,429.9,415.0,415.0,33579
2024-11-22,415.0,420.0,415.0,420.0,237
2024-11-25,415.0,419.85,400.0,419.85,634
2024-11-26,418.85,418.85,403.0,418.85,79
2024-11-28,415.0,418.0,412.0,418.0,5053
2024-11-29,412.0,418.0,412.0,418.0,12892
2024-12-02,415.0,417.9,411.0,411.0,171
2024-12-03,418.0,418.0,410.0,410.0,5045
2024-12-04,411.0,411.05,411.0,411.05,1485
2024-12-05,411.0,411.0,411.0,411.0,30
2024-12-06,407.0,417.0,407.0,417.0,419
2024-12-09,411.0,412.0,411.0,412.0,3589
2024-12-10,410.0,410.0,410.0,410.0,1100
2024-12-11,409.0,410.0,406.0,410.0,707
2024-12-13,409.5,409.5,404.9,404.9,39660
2024-12-16,405.0,405.0,405.0,405.0,390
2024-12-17,405.0,411.05,405.0,405.0,22760
2024-12-18,405.0,415.0,405.0,408.0,3006
2024-12-19,403.1,405.0,395.4,395.4,25722
2024-12-20,400.0,400.0,390.0,399.9,4399
2024-12-23,400.0,404.9,399.9,399.9,313
2024-12-24,393.0,399.9,390.0,390.0,25095
2024-12-25,390.0,399.9,385.0,399.9,16378
2024-12-26,388.5,399.9,388.5,392.0,2753
2024-12-27,393.0,398.8,393.0,398.0,460545
2024-12-30,398.0,398.0,396.0,396.0,49011
2024-12-31,390.1,399.9,390.1,395.0,1491
2025-01-02,399.75,410.0,395.0,395.0,6891
2025-01-03,400.0,409.0,398.0,409.0,5271
2025-01-06,400.1,407.95,392.1,402.05,1157
2025-01-07,407.95,408.0,407.0,408.0,2210
2025-01-08,407.0,410.0,407.0,410.0,36609
2025-01-09,408.0,408.0,396.2,400.0,2510
2025-01-10,400.0,410.0,400.0,409.0,14057
2025-01-13,410.0,410.0,409.0,409.0,22
2025-01-15,407.0,414.0,405.25,414.0,21616
2025-01-16,414.9,415.0,410.0,415.0,7193
2025-01-17,414.95,415.0,402.05,413.0,10918
2025-01-20,414.0,414.0,403.6,410.0,10457
2025-01-21,414.9,414.9,405.0,405.0,15873
2025-01-22,405.55,413.85,400.1,413.85,20872
2025-01-23,402.0,415.0,402.0,415.0,28011
2025-01-24,414.0,432.0,410.05,430.1,21214
2025-01-27,429.9,445.0,420.3,445.0,35820
2025-01-28,445.0,450.0,443.0,450.0,29238
2025-01-29,459.0,465.0,451.15,460.05,28219
2025-01-30,462.0,480.0,460.5,468.0,3447
2025-01-31,442.0,460.0,442.0,460.0,3237
2025-02-03,450.7,459.9,426.0,459.9,1549
2025-02-04,458.95,470.0,440.0,470.0,10895
2025-02-05,465.0,465.0,460.0,465.0,525
2025-02-06,450.0,470.0,442.15,470.0,7172
2025-02-07,470.0,480.0,470.0,470.0,5850
2025-02-10,470.0,470.0,469.9,470.0,5508
2025-02-11,465.0,470.0,465.0,470.0,10401
2025-02-12,440.1,450.5,440.1,450.0,5665
2025-02-13,450.0,455.0,445.5,447.5,10056
2025-02-14,455.0,460.0,450.0,460.0,10340
2025-02-17,459.95,460.0,450.15,460.0,11082
2025-02-18,460.0,475.0,460.0,475.0,18384
2025-02-19,471.0,475.0,460.0,471.0,3305
2025-02-20,470.0,471.0,470.0,470.0,499
2025-02-21,460.5,474.0,450.1,461.0,3001
2025-02-24,462.0,462.0,452.0,461.0,362
2025-02-25,461.0,470.0,453.6,461.0,17119
2025-02-26,458.0,461.0,458.0,458.0,18093
2025-02-27,456.0,468.9,456.0,461.0,15319
2025-02-28,466.95,469.8,435.1,455.0,5666
2025-03-03,445.0,450.0,436.2,450.0,89
2025-03-04,445.0,445.0,445.0,445.0,71
2025-03-05,445.0,465.0,441.05,441.05,268
2025-03-06,441.5,441.5,441.5,441.5,200
2025-03-07,458.0,458.0,436.5,450.0,3845
2025-03-10,457.35,457.4,450.0,450.0,263
2025-03-11,448.0,450.0,440.0,445.0,1802
2025-03-12,437.0,449.9,425.0,425.0,2679
2025-03-13,425.0,430.0,425.0,430.0,22886
2025-03-14,442.8,442.8,430.0,440.0,5825
2025-03-17,440.0,442.8,440.0,440.0,5105
2025-03-18,440.0,440.0,430.0,430.0,12002
2025-03-19,440.0,447.5,439.0,439.0,5075
2025-03-20,439.0,439.0,426.3,430.0,2667
2025-03-21,426.1,438.75,426.0,435.0,5705
2025-03-24,447.0,447.0,440.0,440.0,10508
2025-03-25,438.85,438.85,426.0,434.85,5693
2025-03-26,438.35,438.35,423.0,431.0,30160
2025-03-27,430.0,431.0,430.0,430.0,1963
2025-03-28,427.0,430.0,410.0,410.0,36501
2025-04-02,429.0,429.8,427.0,427.0,92
2025-04-03,427.0,435.0,406.1,406.1,2553
2025-04-04,407.55,432.0,406.0,432.0,4400
2025-04-07,420.0,428.0,400.0,400.0,11198
2025-04-08,420.0,420.0,407.6,414.0,5017
2025-04-09,405.2,414.9,400.0,400.0,13635
2025-04-10,416.0,419.0,410.0,410.0,17881
2025-04-11,407.15,410.0,391.0,391.0,5310
2025-04-14,416.45,417.9,416.45,416.75,153
2025-04-15,405.5,415.85,405.5,410.75,308
2025-04-16,410.0,415.0,410.0,410.05,2518
2025-04-17,415.0,415.0,415.0,415.0,7
2025-04-18,414.0,414.0,406.05,410.0,4211
2025-04-21,413.0,413.85,410.0,410.0,5134
2025-04-22,410.0,413.95,406.2,413.75,1034
2025-04-23,407.0,412.9,405.0,405.0,12484
2025-04-24,405.0,410.0,405.0,410.0,20529
2025-04-25,405.4,410.0,404.0,404.0,3717
2025-04-28,405.15,411.0,405.15,409.0,1348
2025-04-29,406.05,410.5,401.0,409.95,7794
2025-04-30,400.6,403.0,400.6,402.05,18800
2025-05-02,402.0,409.0,402.0,409.0,1145
2025-05-05,409.0,410.0,399.0,408.0,1151
2025-05-06,405.0,410.0,401.2,410.0,2126
2025-05-08,407.0,410.5,407.0,410.0,13367
2025-05-09,410.0,415.0,410.0,414.9,6421
2025-05-12,412.1,416.0,412.05,416.0,283
2025-05-13,418.9,418.9,418.05,418.65,1727
2025-05-14,418.9,418.9,412.65,415.0,1131
2025-05-15,417.0,417.0,415.0,415.0,163
2025-05-16,415.0,415.0,400.0,400.0,3934
2025-05-19,405.1,405.1,398.1,405.0,23123
2025-05-20,400.1,403.0,398.1,402.0,12252
2025-05-21,403.0,412.0,402.15,409.5,3336
2025-05-22,410.0,410.0,402.1,408.95,1303
2025-05-23,403.0,405.0,400.0,400.0,10722
2025-05-26,400.0,404.0,398.45,398.45,2204
2025-05-27,398.45,400.0,398.45,398.45,1512
2025-05-28,393.1,402.95,392.0,399.0,2163
2025-05-29,401.0,401.0,398.0,400.0,152
2025-05-30,401.0,409.9,400.0,401.0,33080
2025-06-02,402.0,409.5,400.0,400.0,10331
2025-06-03,408.95,409.0,400.6,409.0,4688
2025-06-04,409.0,409.9,407.2,409.0,4892
2025-06-05,409.9,429.95,409.9,425.05,35663
2025-06-06,424.9,426.95,412.3,414.0,1893
2025-06-10,414.5,424.9,407.1,420.0,841
2025-06-11,420.0,420.0,410.5,419.0,709
2025-06-12,420.0,420.0,401.0,415.0,4258
2025-06-13,405.1,413.95,405.0,413.0,8547
2025-06-16,416.0,418.45,409.0,415.0,836
2025-06-17,409.2,415.0,409.2,414.95,966
2025-06-18,413.95,414.0,407.0,407.0,32911
2025-06-19,409.0,413.8,400.0,410.9,1593
2025-06-20,404.0,413.0,400.2,413.0,2420
2025-06-23,412.0,415.0,406.0,415.0,2348
2025-06-24,415.0,425.0,415.0,424.9,11931
2025-06-25,418.5,440.0,418.5,440.0,3711
2025-06-26,440.0,440.0,431.0,435.0,458
2025-06-30,430.0,430.0,415.0,415.0,12537
2025-07-01,415.0,424.9,410.0,412.15,2046
2025-07-02,427.0,427.0,410.0,410.0,7133
2025-07-03,419.7,420.0,410.0,419.95,524
2025-07-04,410.5,424.0,410.0,410.0,12712
2025-07-07,417.95,418.95,410.0,410.0,1178
2025-07-08,414.95,414.95,408.0,408.0,6135
2025-07-09,414.4,414.45,404.0,404.0,1202
2025-07-10,413.9,414.25,403.2,403.2,2939
2025-07-11,412.45,413.0,406.5,412.7,1283
2025-07-14,407.0,410.0,407.0,407.0,2935
2025-07-15,409.9,409.9,407.0,407.0,5372
2025-07-16,408.85,408.85,407.0,408.0,2296
2025-07-17,406.0,408.0,405.0,408.0,2917
2025-07-18,409.0,410.1,408.0,410.1,2387
2025-07-21,412.0,415.0,410.1,412.0,1795
2025-07-22,411.0,411.95,410.0,410.0,1825
2025-07-23,412.0,420.0,410.1,415.0,5580
2025-07-24,415.4,437.0,415.1,434.95,19792
2025-07-25,432.0,439.9,422.1,437.5,11890
2025-07-28,439.9,439.95,431.5,437.65,4577
2025-07-29,438.0,459.0,437.0,448.0,45621
2025-07-31,450.0,456.0,449.0,450.0,295092
2025-08-01,452.0,455.0,440.0,442.05,2217
2025-08-04,441.95,441.95,427.0,434.0,32632
2025-08-05,440.0,450.0,440.0,443.0,148925
2025-08-06,443.7,445.0,438.0,443.0,34121
2025-08-07,443.0,443.5,425.0,439.75,2889
2025-08-08,439.75,439.75,430.0,437.0,27846
2025-08-11,437.0,438.4,426.0,435.0,25619
2025-08-12,435.0,435.0,426.5,426.5,8575
2025-08-13,426.6,433.0,426.5,432.9,6518
2025-08-15,428.0,432.9,422.0,429.9,3431
2025-08-18,429.9,430.0,426.0,427.95,36843
2025-08-19,428.0,429.85,422.0,422.0,1608
2025-08-22,422.1,429.4,422.1,429.4,1533
2025-08-25,429.4,430.0,425.0,430.0,2181
2025-08-26,428.0,429.9,420.5,428.0,13219
2025-08-27,428.45,429.65,422.7,429.65,41322
2025-08-28,429.7,429.7,423.1,427.0,24852
2025-08-29,429.5,430.0,415.1,430.0,39153
2025-09-01,430.1,439.8,426.05,427.0,11693
2025-09-02,426.1,430.0,423.4,430.0,5210
2025-09-03,425.3,436.8,423.6,423.6,3922
2025-09-04,430.0,430.0,423.5,428.0,4556
2025-09-08,426.0,426.0,423.55,425.0,1612
2025-09-09,424.05,427.0,402.0,402.0,36165
2025-09-10,417.0,420.0,408.0,415.0,2772
2025-09-11,420.0,420.0,410.1,418.0,440
2025-09-12,418.0,419.8,415.0,415.6,8120
2025-09-15,418.9,420.0,410.0,410.0,6489
2025-09-16,409.0,417.95,408.05,410.0,32351
2025-09-17,410.0,419.0,410.0,413.0,62936
2025-09-18,413.5,422.0,412.0,421.0,42285
2025-09-19,423.0,427.8,420.0,427.8,5156
2025-09-22,427.0,442.2,427.0,440.0,58322
2025-09-23,442.9,444.0,430.0,437.9,43364
2025-09-24,437.5,437.5,430.0,437.0,42151
2025-09-25,430.5,433.0,429.0,429.0,23123
2025-09-26,426.5,430.0,415.0,430.0,67900
2025-09-29,419.25,428.0,416.0,427.0,14303
2025-09-30,417.6,426.5,408.1,426.5,12360
2025-10-01,417.1,426.7,414.9,414.95,16433
2025-10-02,401.0,415.0,393.0,414.9,22645
2025-10-03,420.0,425.9,408.0,419.0,13004
2025-10-06,427.35,427.35,420.0,420.0,395
2025-10-07,427.0,427.0,412.05,412.05,22938
2025-10-08,425.9,426.0,412.0,420.0,972
2025-10-09,415.0,415.0,410.0,410.0,28925
2025-10-10,415.0,419.8,402.0,402.0,10227
2025-10-13,406.1,414.95,403.0,413.0,160
2025-10-14,412.0,413.0,400.0,410.0,10735
2025-10-15,404.0,405.0,403.1,403.5,8060
2025-10-16,404.0,409.0,403.0,403.0,8397
2025-10-17,409.0,417.0,398.0,417.0,2156
2025-10-20,418.0,420.0,414.0,420.0,11657
2025-10-21,420.0,424.0,413.0,424.0,33556
2025-10-22,424.0,424.0,414.1,420.0,21710
2025-10-23,420.0,424.5,420.0,424.5,12394
2025-10-24,421.0,426.0,420.05,426.0,35400
2025-10-27,425.8,425.8,421.0,422.0,724
2025-10-28,421.05,425.0,410.0,425.0,10164
2025-10-29,424.4,424.5,424.0,424.0,1603
2025-10-30,424.0,424.5,415.05,420.0,14890
2025-10-31,423.45,425.0,423.45,425.0,14334
2025-11-03,430.0,432.0,420.1,429.8,22699
2025-11-04,418.1,429.8,418.1,429.45,117
2025-11-05,420.1,429.45,419.0,428.9,1953
2025-11-07,428.7,428.7,417.0,428.4,1951
2025-11-10,427.8,427.8,427.8,427.8,80
2025-11-11,416.7,420.0,411.2,418.0,1116
2025-11-12,416.0,420.0,416.0,420.0,140
2025-11-13,410.1,424.9,410.1,424.9,2525
2025-11-14,412.2,424.0,412.2,420.0,8299
2025-11-17,419.95,420.0,413.0,416.0,465
2025-11-19,410.55,411.0,410.35,410.35,321
2025-11-20,410.0,412.0,401.0,401.0,7807
2025-11-21,402.0,412.0,401.0,410.0,16731
2025-11-24,409.0,411.8,401.0,405.0,1288
2025-11-25,402.3,408.5,402.2,403.1,7109
2025-11-26,408.5,409.0,408.5,409.0,1143
2025-11-27,405.0,409.0,401.0,401.0,10756
2025-11-28,401.15,409.5,401.0,402.0,5522
2025-12-01,409.0,409.0,405.0,409.0,24999
2025-12-02,402.6,408.9,402.0,404.0,52181
2025-12-03,408.0,409.0,405.0,407.0,18384
2025-12-04,409.0,409.0,405.0,407.0,778
2025-12-05,409.0,415.0,405.1,415.0,5635
2025-12-08,416.9,416.9,410.3,416.0,435
2025-12-09,411.0,415.8,411.0,415.8,118
2025-12-10,415.5,415.8,410.0,415.8,969
2025-12-11,407.15,415.0,405.15,415.0,2480
2025-12-12,415.0,415.0,407.5,414.75,2608
2025-12-15,414.95,415.0,409.0,411.0,3219
2025-12-16,411.0,414.0,410.0,410.0,1051
2025-12-17,414.3,414.3,410.0,411.0,12271
2025-12-18,414.0,414.4,412.0,412.0,29395
2025-12-19,414.2,420.0,408.7,420.0,33400
2025-12-22,420.1,420.9,410.0,412.2,1014
2025-12-23,412.2,419.0,407.25,411.0,7134
2025-12-24,411.0,414.8,411.0,411.0,2052
2025-12-25,412.0,416.9,410.6,411.3,34813
2025-12-26,414.7,414.7,408.0,414.0,16774
2025-12-29,409.0,415.0,395.9,415.0,387788
2025-12-30,405.5,416.9,400.2,413.95,11285
2025-12-31,414.95,415.0,403.0,415.0,14390
2026-01-02,416.95,417.0,405.1,413.5,14390
2026-01-05,405.5,415.9,405.5,408.0,12462
2026-01-06,416.9,416.9,408.55,408.55,44796
2026-01-07,411.0,412.0,410.0,410.0,12381
2026-01-08,410.0,413.8,408.5,408.9,12259
2026-01-09,408.5,412.0,406.0,408.0,23216
2026-01-12,410.1,414.0,407.5,407.5,15323
2026-01-13,407.5,408.9,405.0,405.0,44157
2026-01-15,407.0,409.6,401.05,406.0,15894
2026-01-16,408.95,409.3,404.0,405.0,7336
2026-01-19,405.0,407.85,402.1,402.1,46709
2026-01-20,404.0,404.0,400.05,400.05,34113
2026-01-21,400.0,402.0,390.0,393.0,1975
2026-01-22,405.0,405.0,398.0,405.0,4035
2026-01-23,405.1,405.1,391.0,391.0,22399
2026-01-26,392.05,398.45,390.1,391.5,868
2026-01-27,390.5,398.45,390.2,395.5,1788
2026-01-28,396.0,400.0,396.0,400.0,486
2026-01-29,400.0,400.0,395.0,399.9,1582
2026-01-30,400.0,400.0,394.0,399.0,2344
2026-02-02,399.0,399.0,381.0,397.0,1768
2026-02-03,398.0,398.0,390.0,390.0,9161
2026-02-04,397.4,397.4,386.1,396.95,1662
2026-02-05,397.0,397.0,394.0,396.6,173
2026-02-06,396.95,400.0,390.0,400.0,11699
2026-02-09,391.1,399.45,391.1,393.0,2422
2026-02-10,391.1,400.0,386.25,400.0,3912
2026-02-11,400.0,400.0,390.0,399.9,400
2026-02-12,399.8,400.0,395.0,400.0,5643
2026-02-13,400.0,407.9,396.0,407.9,15326
2026-02-16,408.0,408.0,396.25,408.0,15973
2026-02-17,408.0,408.5,400.0,407.9,30671
2026-02-18,405.0,407.9,402.2,405.0,30966
2026-02-19,407.0,407.9,395.0,405.0,27859
2026-02-20,400.5,407.85,400.0,405.0,38073
2026-02-23,406.0,406.9,396.05,405.0,290
2026-02-24,404.95,405.0,395.0,400.0,17937
2026-02-25,398.0,404.7,396.1,398.0,8967
2026-02-26,400.0,405.0,396.0,405.0,4140
2026-02-27,395.05,405.0,393.1,400.0,15232
2026-03-02,375.0,390.0,371.05,375.0,14605
2026-03-03,377.0,383.0,340.0,340.0,80453
2026-03-04,373.0,373.0,355.0,361.8,20970
2026-03-05,362.0,380.0,360.0,380.0,7410
2026-03-06,390.0,392.8,374.0,380.0,19542
2026-03-09,374.5,383.0,367.0,374.0,2340
2026-03-10,387.0,388.5,365.0,365.0,12191
2026-03-11,378.95,378.95,364.05,364.05,1502
2026-03-12,370.0,375.9,360.0,360.0,2089
2026-03-13,363.6,364.85,358.0,360.0,25933
2026-03-16,360.0,369.9,360.0,369.0,672
2026-03-17,375.0,376.0,370.0,376.0,302
2026-03-18,376.5,385.0,376.1,385.0,463
2026-03-19,375.0,385.0,370.0,370.0,2823
2026-03-24,389.5,389.5,361.0,361.0,6433
2026-03-25,368.9,371.0,361.0,369.0,36827
2026-03-26,375.0,377.9,361.0,361.0,22716
2026-03-27,362.0,370.0,359.9,359.9,11313
2026-03-30,365.0,365.0,359.0,364.0,766
2026-03-31,369.95,369.95,352.5,363.6,2880
2026-04-01,365.0,370.0,364.0,366.9,1870
2026-04-02,366.0,366.0,356.05,360.2,2981
2026-04-03,367.0,367.0,360.0,364.5,18840
