Séance,Instrument,Ticker,Ouverture,Dernier Cours,+haut du jour,+bas du jour,Nombre de titres échangés,Volume des échanges,Nombre de transactions,Capitalisation
2023-04-03,MDP,MDP,24.0000000000,23.8000000000,25.0000000000,23.8000000000,3017.0000000000,72408.2700000000,24,113854987.4000000000
2023-04-04,MDP,MDP,24.7900000000,23.7000000000,24.7900000000,23.7000000000,1435.0000000000,34020.4000000000,14,113376605.1000000000
2023-04-05,MDP,MDP,24.6700000000,24.8000000000,24.8000000000,24.5000000000,686.0000000000,16942.7500000000,12,118638810.4000000000
2023-04-06,MDP,MDP,24.8000000000,24.9000000000,24.9000000000,23.9000000000,24.0000000000,593.9000000000,3,119117192.7000000000
2023-04-07,MDP,MDP,,24.9000000000,,,,,0,119117192.7000000000
2023-04-10,MDP,MDP,24.5000000000,24.0000000000,24.5000000000,23.9600000000,830.0000000000,20014.8000000000,5,114811752.0000000000
2023-04-11,MDP,MDP,23.9900000000,23.6000000000,24.0000000000,23.6000000000,914.0000000000,21866.6200000000,7,112898222.8000000000
2023-04-12,MDP,MDP,23.5000000000,23.0100000000,23.5600000000,23.0100000000,3867.0000000000,89256.1400000000,15,110075767.2300000000
2023-04-13,MDP,MDP,23.0100000000,24.0000000000,24.0000000000,23.0100000000,570.0000000000,13238.1500000000,9,114811752.0000000000
2023-04-14,MDP,MDP,,24.0000000000,,,,,0,114811752.0000000000
2023-04-17,MDP,MDP,24.0000000000,24.0000000000,24.0000000000,24.0000000000,10.0000000000,240.0000000000,2,114811752.0000000000
2023-04-18,MDP,MDP,23.4000000000,23.4000000000,23.4000000000,23.4000000000,50.0000000000,1170.0000000000,2,111941458.2000000000
2023-04-19,MDP,MDP,23.0200000000,23.1100000000,23.9800000000,23.0200000000,605.0000000000,13976.9000000000,6,110554149.5300000000
2023-04-20,MDP,MDP,24.0000000000,24.0000000000,24.0000000000,24.0000000000,5.0000000000,120.0000000000,2,114811752.0000000000
2023-04-21,MDP,MDP,24.0000000000,23.0000000000,24.0000000000,23.0000000000,2135.0000000000,49227.1300000000,14,110027929.0000000000
2023-04-25,MDP,MDP,23.9600000000,23.9400000000,23.9600000000,23.5000000000,1030.0000000000,24223.3000000000,6,114524722.6200000000
2023-04-26,MDP,MDP,23.7000000000,23.9500000000,23.9500000000,23.5100000000,1377.0000000000,32846.1700000000,10,114572560.8500000000
2023-04-27,MDP,MDP,23.9500000000,24.3500000000,24.3500000000,23.7000000000,1651.0000000000,39254.1000000000,9,116486090.0500000000
2023-04-28,MDP,MDP,23.8000000000,23.0400000000,24.7500000000,23.0400000000,7831.0000000000,182825.8800000000,46,110219281.9200000000
2023-05-02,MDP,MDP,24.3800000000,24.0000000000,24.3800000000,23.5000000000,255.0000000000,6117.2400000000,11,114811752.0000000000
2023-05-03,MDP,MDP,24.6700000000,23.9900000000,24.6700000000,23.6000000000,228.0000000000,5434.6400000000,6,114763913.7700000000
2023-05-04,MDP,MDP,23.8000000000,23.0000000000,23.8000000000,23.0000000000,4181.0000000000,96284.2000000000,48,110027929.0000000000
2023-05-05,MDP,MDP,23.9900000000,23.9000000000,23.9900000000,23.0000000000,3195.0000000000,73588.6100000000,22,114333369.7000000000
2023-05-08,MDP,MDP,23.9400000000,23.7900000000,23.9500000000,23.0500000000,1752.0000000000,41022.3700000000,20,113807149.1700000000
2023-05-09,MDP,MDP,23.2000000000,22.9000000000,23.6800000000,22.9000000000,5740.0000000000,132402.4000000000,39,109549546.7000000000
2023-05-10,MDP,MDP,23.9000000000,22.6100000000,23.9000000000,22.6100000000,2804.0000000000,64132.1100000000,33,108162238.0300000000
2023-05-11,MDP,MDP,23.7400000000,23.0400000000,23.7400000000,22.2000000000,6246.0000000000,140157.8100000000,42,110219281.9200000000
2023-05-12,MDP,MDP,23.0000000000,22.9000000000,23.0000000000,22.7100000000,6023.0000000000,137928.2500000000,20,109549546.7000000000
2023-05-15,MDP,MDP,23.0000000000,23.0300000000,23.8000000000,23.0000000000,5791.0000000000,134733.0400000000,32,110171443.6900000000
2023-05-16,MDP,MDP,23.5000000000,24.0000000000,24.0000000000,23.5000000000,1599.0000000000,38171.8500000000,15,114811752.0000000000
2023-05-17,MDP,MDP,24.2500000000,24.0100000000,24.5000000000,24.0100000000,4682.0000000000,114048.8600000000,18,114859590.2300000000
2023-05-18,MDP,MDP,24.5000000000,23.9900000000,24.5000000000,23.9900000000,1230.0000000000,29698.3200000000,9,114763913.7700000000
2023-05-19,MDP,MDP,23.6500000000,23.9900000000,23.9900000000,23.5500000000,1452.0000000000,34338.7300000000,7,114763913.7700000000
2023-05-22,MDP,MDP,23.7000000000,23.6500000000,23.7000000000,23.6500000000,485.0000000000,11477.0000000000,4,113137413.9500000000
2023-05-23,MDP,MDP,23.6500000000,23.6100000000,24.2900000000,23.5200000000,1297.0000000000,30775.0400000000,8,112946061.0300000000
2023-05-24,MDP,MDP,24.0000000000,23.6200000000,24.0000000000,23.6200000000,176.0000000000,4176.0200000000,4,112993899.2600000000
2023-05-25,MDP,MDP,24.2500000000,23.6000000000,24.2500000000,23.6000000000,505.0000000000,11928.7900000000,6,112898222.8000000000
2023-05-26,MDP,MDP,,23.6000000000,,,,,0,112898222.8000000000
2023-05-29,MDP,MDP,24.0000000000,24.2300000000,24.2300000000,23.8000000000,1275.0000000000,30507.1500000000,11,115912031.2900000000
2023-05-30,MDP,MDP,24.1000000000,23.8700000000,24.2000000000,23.8700000000,1775.0000000000,42428.2100000000,6,114189855.0100000000
2023-05-31,MDP,MDP,23.5000000000,24.0100000000,24.5000000000,23.0500000000,5964.0000000000,142277.3600000000,41,114859590.2300000000
2023-06-01,MDP,MDP,24.0500000000,24.5500000000,24.5500000000,24.0500000000,3669.0000000000,89584.4200000000,10,117442854.6500000000
2023-06-02,MDP,MDP,24.5500000000,24.5500000000,24.5500000000,24.5500000000,54.0000000000,1325.7000000000,2,117442854.6500000000
2023-06-05,MDP,MDP,24.0600000000,24.5500000000,24.5500000000,24.0000000000,2596.0000000000,62397.1000000000,10,117442854.6500000000
2023-06-06,MDP,MDP,24.8000000000,24.5000000000,24.8000000000,23.4000000000,79.0000000000,1935.0500000000,4,117203663.5000000000
2023-06-07,MDP,MDP,24.8000000000,24.6500000000,24.8000000000,24.0500000000,321.0000000000,7751.6000000000,10,117921236.9500000000
2023-06-08,MDP,MDP,24.0500000000,24.5000000000,24.5000000000,24.0000000000,1601.0000000000,38459.0500000000,12,117203663.5000000000
2023-06-09,MDP,MDP,24.0000000000,24.4000000000,24.4000000000,23.9000000000,1917.0000000000,46044.9700000000,15,116725281.2000000000
2023-06-12,MDP,MDP,,24.4000000000,,,,,0,116725281.2000000000
2023-06-13,MDP,MDP,24.0000000000,23.7500000000,24.0000000000,23.7500000000,1082.0000000000,25828.0000000000,5,113615796.2500000000
2023-06-14,MDP,MDP,24.3900000000,24.7400000000,24.7500000000,24.3900000000,2390.0000000000,58375.0000000000,8,118351781.0200000000
2023-06-15,MDP,MDP,24.7000000000,25.3000000000,25.5100000000,24.7000000000,6815.0000000000,171265.7200000000,38,121030721.9000000000
2023-06-16,MDP,MDP,25.1800000000,25.1500000000,25.4900000000,24.3200000000,3016.0000000000,75673.7000000000,12,120313148.4500000000
2023-06-19,MDP,MDP,,25.1500000000,,,,,0,120313148.4500000000
2023-06-20,MDP,MDP,24.6000000000,24.4300000000,24.9900000000,24.4000000000,3219.0000000000,79050.3700000000,17,116868795.8900000000
2023-06-21,MDP,MDP,24.9900000000,24.2500000000,24.9900000000,24.2500000000,3569.0000000000,86921.5000000000,15,116007707.7500000000
2023-06-22,MDP,MDP,24.0100000000,23.6600000000,24.0100000000,23.6000000000,4900.0000000000,116354.5600000000,37,113185252.1800000000
2023-06-23,MDP,MDP,24.8900000000,24.8700000000,24.8900000000,23.7200000000,3.0000000000,73.4800000000,3,118973678.0100000000
2023-06-26,MDP,MDP,24.8800000000,25.0000000000,25.0000000000,24.8800000000,1350.0000000000,33730.6000000000,7,119595575.0000000000
2023-06-27,MDP,MDP,24.2700000000,24.3000000000,24.9700000000,24.2700000000,415.0000000000,10093.1400000000,5,116246898.9000000000
2023-06-28,MDP,MDP,24.9800000000,24.9700000000,24.9800000000,24.3000000000,220.0000000000,5427.3900000000,6,119452060.3100000000
2023-07-03,MDP,MDP,24.2800000000,24.2700000000,24.9800000000,24.2600000000,470.0000000000,11478.6800000000,11,116103384.2100000000
2023-07-04,MDP,MDP,24.0500000000,24.5000000000,24.5000000000,23.6500000000,5020.0000000000,119450.5700000000,29,117203663.5000000000
2023-07-05,MDP,MDP,23.8500000000,24.5000000000,24.7500000000,23.8200000000,13789.0000000000,333240.0200000000,32,117203663.5000000000
2023-07-06,MDP,MDP,24.6700000000,25.0000000000,25.0000000000,23.9000000000,2379.0000000000,57444.7900000000,10,119595575.0000000000
2023-07-07,MDP,MDP,23.9300000000,25.0200000000,25.2900000000,23.9300000000,3488.0000000000,87283.1900000000,16,119691251.4600000000
2023-07-10,MDP,MDP,24.5200000000,26.0000000000,26.0000000000,24.5000000000,13890.0000000000,347435.9200000000,34,124379398.0000000000
2023-07-11,MDP,MDP,26.0000000000,27.5500000000,27.5500000000,26.0000000000,37396.0000000000,1018764.6200000000,101,131794323.6500000000
2023-07-12,MDP,MDP,27.9000000000,27.4000000000,28.4200000000,26.5000000000,59461.0000000000,1627830.9300000000,171,131076750.2000000000
2023-07-13,MDP,MDP,27.5000000000,25.7600000000,27.5000000000,25.7600000000,16768.0000000000,436651.0200000000,81,123231280.4800000000
2023-07-14,MDP,MDP,26.7000000000,25.7700000000,26.7000000000,25.7700000000,2039.0000000000,52723.2500000000,8,123279118.7100000000
2023-07-17,MDP,MDP,26.0000000000,25.0200000000,26.4000000000,25.0200000000,6702.0000000000,169666.0400000000,29,119691251.4600000000
2023-07-18,MDP,MDP,25.1000000000,24.6500000000,25.5200000000,24.5000000000,10172.0000000000,252954.0600000000,45,117921236.9500000000
2023-07-20,MDP,MDP,25.5200000000,25.5000000000,26.0000000000,25.0000000000,2423.0000000000,61670.7600000000,19,121987486.5000000000
2023-07-21,MDP,MDP,26.0000000000,25.9000000000,26.0000000000,25.3000000000,245.0000000000,6273.5000000000,6,123901015.7000000000
2023-07-24,MDP,MDP,25.3100000000,25.9900000000,26.7000000000,25.3100000000,896.0000000000,23330.6000000000,17,124331559.7700000000
2023-07-25,MDP,MDP,26.3600000000,25.5000000000,26.3600000000,25.5000000000,80310.0000000000,2054313.6000000000,5,121987486.5000000000
2023-07-26,MDP,MDP,25.9800000000,25.9800000000,25.9800000000,25.9800000000,1151.0000000000,29902.9800000000,5,124283721.5400000000
2023-07-27,MDP,MDP,26.0000000000,26.3900000000,26.5000000000,25.7000000000,2921.0000000000,76166.7800000000,18,126245088.9700000000
2023-07-28,MDP,MDP,25.8000000000,26.0300000000,26.4500000000,25.8000000000,4285.0000000000,112381.5100000000,24,124522912.6900000000
2023-07-31,MDP,MDP,26.4900000000,26.6100000000,26.6100000000,26.1000000000,2101.0000000000,55791.4400000000,16,127297530.0300000000
2023-08-01,MDP,MDP,26.8900000000,26.5000000000,26.9000000000,26.5000000000,2580.0000000000,69301.9000000000,17,126771309.5000000000
2023-08-02,MDP,MDP,26.5000000000,27.0000000000,27.0000000000,25.9000000000,20356.0000000000,540879.9800000000,39,129163221.0000000000
2023-08-03,MDP,MDP,26.1600000000,26.4000000000,26.9300000000,26.1500000000,4151.0000000000,109383.1500000000,20,126292927.2000000000
2023-08-04,MDP,MDP,26.7500000000,26.4000000000,26.7500000000,26.1000000000,1729.0000000000,45277.5500000000,3,126292927.2000000000
2023-08-07,MDP,MDP,26.9400000000,25.8100000000,26.9400000000,25.8000000000,1300.0000000000,33589.8000000000,14,123470471.6300000000
2023-08-08,MDP,MDP,25.8100000000,25.1500000000,25.8100000000,25.1500000000,1750.0000000000,44588.7200000000,14,120313148.4500000000
2023-08-09,MDP,MDP,26.4600000000,25.6500000000,26.4600000000,25.2600000000,2631.0000000000,66697.6100000000,13,122705059.9500000000
2023-08-10,MDP,MDP,26.4300000000,26.3000000000,26.4300000000,25.6500000000,351.0000000000,9011.6000000000,5,125814544.9000000000
2023-08-11,MDP,MDP,25.1900000000,25.5500000000,26.2700000000,25.1500000000,3981.0000000000,101052.2300000000,34,122226677.6500000000
2023-08-15,MDP,MDP,25.8000000000,25.0400000000,26.2700000000,25.0400000000,2534.0000000000,64132.4100000000,8,119786927.9200000000
2023-08-16,MDP,MDP,25.1200000000,25.1900000000,25.1900000000,25.1100000000,217.0000000000,5456.3800000000,5,120504501.3700000000
2023-08-17,MDP,MDP,26.1800000000,25.2300000000,26.1800000000,25.2300000000,206.0000000000,5203.0800000000,2,120695854.2900000000
2023-08-18,MDP,MDP,25.5000000000,25.5000000000,25.5000000000,25.5000000000,31.0000000000,790.5000000000,3,121987486.5000000000
2023-08-22,MDP,MDP,26.3900000000,26.7700000000,27.0000000000,26.2000000000,11707.0000000000,312396.1300000000,34,128062941.7100000000
2023-08-23,MDP,MDP,26.7600000000,26.5000000000,26.8400000000,26.5000000000,1950.0000000000,51949.4700000000,14,126771309.5000000000
2023-08-24,MDP,MDP,26.6800000000,26.3600000000,27.0000000000,26.0000000000,13015.0000000000,344688.9500000000,34,126101574.2800000000
2023-08-25,MDP,MDP,26.3600000000,26.9800000000,26.9800000000,26.3600000000,1600.0000000000,42967.5000000000,13,129067544.5400000000
2023-08-28,MDP,MDP,26.9800000000,26.5000000000,27.0000000000,26.3700000000,4824.0000000000,129081.0900000000,21,126771309.5000000000
2023-08-29,MDP,MDP,25.0100000000,24.9400000000,25.4500000000,24.9200000000,43405.0000000000,1083370.3700000000,118,119308545.6200000000
2023-08-30,MDP,MDP,25.0000000000,25.0000000000,25.6000000000,24.8000000000,11788.0000000000,296826.8400000000,38,119595575.0000000000
2023-08-31,MDP,MDP,25.0000000000,24.8400000000,25.2000000000,24.8300000000,7024.0000000000,175280.1400000000,24,118830163.3200000000
2023-09-01,MDP,MDP,24.8500000000,24.8000000000,24.8500000000,24.7100000000,750.0000000000,18586.4000000000,10,118638810.4000000000
2023-09-04,MDP,MDP,24.7300000000,24.8000000000,24.9900000000,24.7300000000,3078.0000000000,76177.4000000000,19,118638810.4000000000
2023-09-05,MDP,MDP,24.7400000000,24.5400000000,24.7400000000,24.5000000000,7562.0000000000,185516.2200000000,16,117395016.4200000000
2023-09-06,MDP,MDP,24.6000000000,24.6000000000,24.6200000000,24.5400000000,3768.0000000000,92686.8000000000,12,117682045.8000000000
2023-09-07,MDP,MDP,24.6000000000,24.4500000000,24.6000000000,24.4500000000,1568.0000000000,38422.3000000000,15,116964472.3500000000
2023-09-08,MDP,MDP,24.1300000000,23.9600000000,24.3000000000,23.9600000000,4084.0000000000,98168.7000000000,14,114620399.0800000000
2023-09-11,MDP,MDP,24.0600000000,23.1000000000,24.0600000000,23.0500000000,4493.0000000000,105818.9700000000,48,110506311.3000000000
2023-09-12,MDP,MDP,23.1000000000,23.1500000000,23.7000000000,23.0100000000,2226.0000000000,51472.1300000000,19,110745502.4500000000
2023-09-13,MDP,MDP,23.1500000000,23.9000000000,23.9000000000,23.0700000000,485.0000000000,11383.1000000000,11,114333369.7000000000
2023-09-14,MDP,MDP,24.0000000000,24.2000000000,24.2000000000,23.2400000000,3773.0000000000,88185.2300000000,19,115768516.6000000000
2023-09-15,MDP,MDP,23.2800000000,24.0800000000,24.0800000000,23.2800000000,6050.0000000000,140884.0000000000,11,115194457.8400000000
2023-09-18,MDP,MDP,24.0800000000,23.5000000000,24.0800000000,23.3500000000,769.0000000000,18106.3600000000,10,112419840.5000000000
2023-09-19,MDP,MDP,23.6000000000,24.7000000000,24.7000000000,23.2800000000,4154.0000000000,98723.1200000000,34,118160428.1000000000
2023-09-20,MDP,MDP,24.9800000000,23.2700000000,24.9800000000,23.2300000000,41203.0000000000,962887.6700000000,95,111319561.2100000000
2023-09-21,MDP,MDP,24.4900000000,22.5000000000,24.4900000000,22.3500000000,13060.0000000000,299543.8600000000,44,107636017.5000000000
2023-09-22,MDP,MDP,22.5500000000,22.5000000000,22.6100000000,22.1500000000,11143.0000000000,250014.5200000000,49,107636017.5000000000
2023-09-25,MDP,MDP,23.0000000000,23.3000000000,23.4400000000,22.1600000000,4661.0000000000,104038.5000000000,22,111463075.9000000000
2023-09-26,MDP,MDP,23.3000000000,22.6500000000,23.3000000000,22.6000000000,4179.0000000000,94725.4400000000,14,108353590.9500000000
2023-09-27,MDP,MDP,22.9800000000,23.0000000000,23.0000000000,22.5200000000,2213.0000000000,50702.9800000000,16,110027929.0000000000
2023-10-02,MDP,MDP,,23.0000000000,,,,,0,110027929.0000000000
2023-10-03,MDP,MDP,22.0100000000,22.1600000000,22.6000000000,22.0100000000,6231.0000000000,137919.1900000000,19,106009517.6800000000
2023-10-04,MDP,MDP,22.2000000000,22.0000000000,22.2000000000,22.0000000000,5370.0000000000,118274.5500000000,22,105244106.0000000000
2023-10-05,MDP,MDP,22.5000000000,23.3100000000,23.3100000000,22.5000000000,7347.0000000000,170231.3500000000,28,111510914.1300000000
2023-10-06,MDP,MDP,23.5000000000,22.8000000000,23.5000000000,22.8000000000,2465.0000000000,57226.0200000000,16,109071164.4000000000
2023-10-09,MDP,MDP,23.0000000000,22.4300000000,23.6000000000,22.4300000000,1444.0000000000,33338.2000000000,10,107301149.8900000000
2023-10-10,MDP,MDP,22.3300000000,22.5000000000,22.9900000000,22.3300000000,862.0000000000,19372.1600000000,7,107636017.5000000000
2023-10-11,MDP,MDP,23.0000000000,22.6600000000,23.0000000000,22.5800000000,5727.0000000000,131222.4500000000,16,108401429.1800000000
2023-10-12,MDP,MDP,22.5400000000,22.4900000000,23.0900000000,22.0000000000,17741.0000000000,391964.5500000000,58,107588179.2700000000
2023-10-13,MDP,MDP,22.9600000000,22.8900000000,22.9600000000,22.2600000000,469.0000000000,10442.7200000000,6,109501708.4700000000
2023-10-16,MDP,MDP,,22.8900000000,,,,,0,109501708.4700000000
2023-10-17,MDP,MDP,22.4000000000,22.7800000000,22.9500000000,22.1500000000,3104.0000000000,69017.7100000000,11,108975487.9400000000
2023-10-18,MDP,MDP,22.1100000000,22.0000000000,22.7500000000,22.0000000000,11526.0000000000,253910.4600000000,42,105244106.0000000000
2023-10-19,MDP,MDP,22.6000000000,22.0000000000,22.6000000000,21.9800000000,9234.0000000000,203542.9200000000,41,105244106.0000000000
2023-10-20,MDP,MDP,22.5900000000,21.9000000000,22.5900000000,21.9000000000,3186.0000000000,70087.6100000000,21,104765723.7000000000
2023-10-23,MDP,MDP,21.8300000000,22.0000000000,22.0000000000,21.8300000000,866.0000000000,19047.7500000000,9,105244106.0000000000
2023-10-24,MDP,MDP,21.9900000000,22.5900000000,22.5900000000,21.9900000000,395.0000000000,8686.6500000000,4,108066561.5700000000
2023-10-25,MDP,MDP,22.5900000000,22.5900000000,22.5900000000,22.0000000000,1503.0000000000,33951.5900000000,5,108066561.5700000000
2023-10-26,MDP,MDP,22.0000000000,22.0000000000,22.0200000000,22.0000000000,3777.0000000000,83100.4400000000,24,105244106.0000000000
2023-10-27,MDP,MDP,22.3900000000,22.0000000000,22.3900000000,22.0000000000,334.0000000000,7352.3600000000,3,105244106.0000000000
2023-10-30,MDP,MDP,21.9000000000,21.9100000000,21.9100000000,21.9000000000,1508.0000000000,33031.4800000000,5,104813561.9300000000
2023-10-31,MDP,MDP,22.2900000000,22.2900000000,22.2900000000,22.2900000000,2.0000000000,44.5800000000,1,106631414.6700000000
2023-11-01,MDP,MDP,22.0000000000,22.0200000000,22.2500000000,22.0000000000,1161.0000000000,25600.8000000000,5,105339782.4600000000
2023-11-02,MDP,MDP,21.8000000000,22.1000000000,22.2200000000,21.7000000000,1026.0000000000,22495.3700000000,7,105722488.3000000000
2023-11-03,MDP,MDP,21.7100000000,22.1400000000,22.1400000000,21.7100000000,107.0000000000,2332.2600000000,4,105913841.2200000000
2023-11-07,MDP,MDP,,22.1400000000,,,,,0,105913841.2200000000
2023-11-08,MDP,MDP,22.1600000000,22.3700000000,22.3700000000,22.1600000000,882.0000000000,19615.6200000000,10,107014120.5100000000
2023-11-09,MDP,MDP,21.8100000000,22.3300000000,22.3800000000,21.7000000000,3574.0000000000,77649.6500000000,21,106822767.5900000000
2023-11-10,MDP,MDP,21.7400000000,22.0300000000,22.0300000000,21.7000000000,2344.0000000000,50890.2300000000,12,105387620.6900000000
2023-11-13,MDP,MDP,,22.0300000000,,,,,0,105387620.6900000000
2023-11-14,MDP,MDP,21.7500000000,22.3000000000,22.5400000000,21.7500000000,2870.0000000000,64489.6200000000,12,106679252.9000000000
2023-11-15,MDP,MDP,,22.3000000000,,,,,0,106679252.9000000000
2023-11-16,MDP,MDP,,22.3000000000,,,,,0,106679252.9000000000
2023-11-17,MDP,MDP,21.7800000000,21.9000000000,21.9000000000,21.7800000000,767.0000000000,16789.6000000000,11,104765723.7000000000
2023-11-20,MDP,MDP,22.0000000000,21.7900000000,22.0000000000,21.7900000000,1294.0000000000,28207.9100000000,15,104239503.1700000000
2023-11-21,MDP,MDP,21.8000000000,22.2600000000,22.2600000000,21.1100000000,3088.0000000000,65779.7000000000,24,106487899.9800000000
2023-11-22,MDP,MDP,,22.2600000000,,,,,0,106487899.9800000000
2023-11-23,MDP,MDP,21.3800000000,22.2200000000,22.2200000000,21.3800000000,1791.0000000000,39593.4300000000,12,106296547.0600000000
2023-11-24,MDP,MDP,,22.2200000000,,,,,0,106296547.0600000000
2023-11-27,MDP,MDP,21.4000000000,22.1000000000,22.1000000000,21.4000000000,603.0000000000,13068.2500000000,13,105722488.3000000000
2023-11-28,MDP,MDP,22.2500000000,21.5000000000,22.2500000000,21.5000000000,476.0000000000,10306.0000000000,9,102852194.5000000000
2023-11-29,MDP,MDP,21.5100000000,21.6000000000,21.6000000000,21.5000000000,1319.0000000000,28440.6800000000,11,103330576.8000000000
2023-11-30,MDP,MDP,21.6000000000,21.5000000000,21.8500000000,21.0000000000,2478.0000000000,52999.5600000000,23,102852194.5000000000
2023-12-01,MDP,MDP,21.8000000000,21.0000000000,21.8000000000,21.0000000000,2048.0000000000,43412.7600000000,15,100460283.0000000000
2023-12-04,MDP,MDP,21.0000000000,21.8600000000,21.8600000000,20.6500000000,69.0000000000,1445.6600000000,5,104574370.7800000000
2023-12-05,MDP,MDP,19.6800000000,20.9900000000,21.0000000000,19.6800000000,4242.0000000000,87125.4900000000,26,100412444.7700000000
2023-12-06,MDP,MDP,20.9900000000,21.2400000000,21.2400000000,20.7000000000,331.0000000000,6910.2400000000,4,101608400.5200000000
2023-12-07,MDP,MDP,20.9900000000,20.7000000000,20.9900000000,20.2000000000,2152.0000000000,43838.7800000000,17,99025136.1000000000
2023-12-08,MDP,MDP,20.5000000000,20.8000000000,20.9000000000,20.5000000000,1075.0000000000,22120.8000000000,7,99503518.4000000000
2023-12-11,MDP,MDP,20.0600000000,20.9800000000,20.9800000000,20.0600000000,3880.0000000000,81141.0800000000,16,100364606.5400000000
2023-12-12,MDP,MDP,20.5300000000,20.5000000000,20.9000000000,20.5000000000,2405.0000000000,49354.7200000000,22,98068371.5000000000
2023-12-13,MDP,MDP,20.5100000000,20.9900000000,21.0000000000,20.5000000000,2442.0000000000,50160.9300000000,17,100412444.7700000000
2023-12-14,MDP,MDP,20.5100000000,20.8900000000,21.0000000000,20.5100000000,210.0000000000,4379.2100000000,10,99934062.4700000000
2023-12-15,MDP,MDP,20.8000000000,20.8800000000,20.8900000000,20.3300000000,515.0000000000,10619.1000000000,8,99886224.2400000000
2023-12-18,MDP,MDP,,20.8800000000,,,,,0,99886224.2400000000
2023-12-19,MDP,MDP,20.3600000000,20.8800000000,20.8800000000,20.3600000000,5009.0000000000,104015.1800000000,14,99886224.2400000000
2023-12-20,MDP,MDP,20.6000000000,20.5400000000,20.6000000000,20.5000000000,1560.0000000000,32024.0000000000,4,98259724.4200000000
2023-12-21,MDP,MDP,20.9900000000,20.5000000000,20.9900000000,20.5000000000,1058.0000000000,21758.2600000000,20,98068371.5000000000
2023-12-22,MDP,MDP,20.9800000000,20.5000000000,20.9800000000,20.5000000000,323.0000000000,6622.4800000000,3,98068371.5000000000
2023-12-25,MDP,MDP,20.5200000000,20.5000000000,20.8900000000,20.4000000000,2969.0000000000,60822.9400000000,25,98068371.5000000000
2023-12-26,MDP,MDP,20.5000000000,19.9100000000,20.5000000000,19.8000000000,5228.0000000000,105795.9400000000,26,95245915.9300000000
2023-12-27,MDP,MDP,20.0000000000,20.3900000000,20.3900000000,20.0000000000,101.0000000000,2020.3900000000,2,97542150.9700000000
2023-12-28,MDP,MDP,20.4900000000,20.4000000000,20.5000000000,20.4000000000,918.0000000000,18782.6900000000,6,97589989.2000000000
2023-12-29,MDP,MDP,20.5000000000,20.4900000000,20.5000000000,20.0100000000,2717.0000000000,54944.9900000000,17,98020533.2700000000
2024-01-02,MDP,MDP,20.4900000000,20.1000000000,20.4900000000,20.0000000000,5706.0000000000,114785.5400000000,28,96154842.3000000000
2024-01-03,MDP,MDP,20.1000000000,19.9100000000,20.4200000000,19.7500000000,21587.0000000000,428638.4000000000,46,95245915.9300000000
2024-01-04,MDP,MDP,20.3600000000,19.8000000000,20.3600000000,19.7000000000,13938.0000000000,275594.2700000000,55,94719695.4000000000
2024-01-05,MDP,MDP,19.7900000000,19.7900000000,19.8000000000,19.6000000000,16978.0000000000,334489.0200000000,79,94671857.1700000000
2024-01-08,MDP,MDP,19.8000000000,20.0000000000,20.3400000000,19.6000000000,20934.0000000000,413861.5800000000,50,95676460.0000000000
2024-01-09,MDP,MDP,19.9900000000,19.6000000000,19.9900000000,19.6000000000,28868.0000000000,566006.1400000000,57,93762930.8000000000
2024-01-10,MDP,MDP,19.7900000000,19.3000000000,19.7900000000,19.2500000000,9761.0000000000,189851.0200000000,50,92327783.9000000000
2024-01-12,MDP,MDP,19.7000000000,19.0200000000,19.7000000000,19.0000000000,24463.0000000000,469827.9100000000,62,90988313.4600000000
2024-01-15,MDP,MDP,19.1000000000,19.9400000000,19.9600000000,19.0000000000,2494.0000000000,47542.2000000000,18,95389430.6200000000
2024-01-16,MDP,MDP,19.9900000000,19.8400000000,19.9900000000,19.0100000000,3458.0000000000,66036.3000000000,18,94911048.3200000000
2024-01-17,MDP,MDP,19.5000000000,19.4500000000,19.5200000000,19.0000000000,14293.0000000000,272883.8500000000,49,93045357.3500000000
2024-01-18,MDP,MDP,19.3900000000,19.0000000000,19.3900000000,19.0000000000,23545.0000000000,447412.9100000000,100,90892637.0000000000
2024-01-19,MDP,MDP,19.7800000000,19.0000000000,19.7800000000,19.0000000000,5292.0000000000,101012.1400000000,24,90892637.0000000000
2024-01-22,MDP,MDP,19.3000000000,19.0000000000,19.6700000000,19.0000000000,18359.0000000000,349236.9200000000,55,90892637.0000000000
2024-01-23,MDP,MDP,19.0000000000,19.0000000000,19.5000000000,18.9100000000,16374.0000000000,311363.4500000000,52,90892637.0000000000
2024-01-24,MDP,MDP,19.0000000000,19.0000000000,19.4900000000,19.0000000000,3256.0000000000,62374.0000000000,10,90892637.0000000000
2024-01-25,MDP,MDP,19.0100000000,19.3600000000,19.4200000000,19.0100000000,288.0000000000,5577.2200000000,10,92614813.2800000000
2024-01-26,MDP,MDP,19.0500000000,19.3000000000,19.3000000000,19.0500000000,1705.0000000000,32880.5000000000,9,92327783.9000000000
2024-01-29,MDP,MDP,19.0500000000,19.0200000000,19.3000000000,19.0000000000,570.0000000000,10865.0000000000,5,90988313.4600000000
2024-01-30,MDP,MDP,19.0000000000,19.2000000000,19.2900000000,18.8000000000,8398.0000000000,158658.1800000000,38,91849401.6000000000
2024-01-31,MDP,MDP,19.2000000000,18.8000000000,19.2000000000,18.6400000000,420.0000000000,7932.5800000000,14,89935872.4000000000
2024-02-01,MDP,MDP,18.7600000000,19.0000000000,19.2300000000,18.7600000000,1715.0000000000,32704.9600000000,12,90892637.0000000000
2024-02-02,MDP,MDP,18.9100000000,18.9100000000,18.9900000000,18.9000000000,257.0000000000,4857.5000000000,8,90462092.9300000000
2024-02-05,MDP,MDP,18.9900000000,19.0000000000,19.0000000000,18.9900000000,770.0000000000,14629.8400000000,15,90892637.0000000000
2024-02-06,MDP,MDP,19.0000000000,19.1800000000,19.1800000000,19.0000000000,390.0000000000,7450.9100000000,7,91753725.1400000000
2024-02-07,MDP,MDP,19.0100000000,18.8700000000,19.0100000000,18.8700000000,2392.0000000000,45383.4200000000,21,90270740.0100000000
2024-02-08,MDP,MDP,19.0000000000,19.0000000000,19.0000000000,18.8200000000,2360.0000000000,44558.7400000000,35,90892637.0000000000
2024-02-09,MDP,MDP,19.1900000000,18.8900000000,19.1900000000,18.8900000000,18261.0000000000,344950.5900000000,3,90366416.4700000000
2024-02-12,MDP,MDP,19.0000000000,18.9000000000,19.1900000000,18.9000000000,1599.0000000000,30289.7700000000,13,90414254.7000000000
2024-02-13,MDP,MDP,19.0000000000,19.2000000000,19.3000000000,18.9100000000,1178.0000000000,22532.4100000000,15,91849401.6000000000
2024-02-14,MDP,MDP,18.9600000000,19.2400000000,19.2400000000,18.9300000000,601.0000000000,11466.9000000000,11,92040754.5200000000
2024-02-15,MDP,MDP,19.0500000000,19.0000000000,19.1000000000,18.9000000000,3128.0000000000,59354.9400000000,16,90892637.0000000000
2024-02-16,MDP,MDP,18.8600000000,19.0700000000,19.0700000000,18.7200000000,7753.0000000000,146070.8300000000,50,91227504.6100000000
2024-02-19,MDP,MDP,19.0000000000,19.0000000000,19.0000000000,19.0000000000,788.0000000000,14972.0000000000,9,90892637.0000000000
2024-02-20,MDP,MDP,19.1500000000,19.1900000000,19.1900000000,18.9000000000,853.0000000000,16206.3600000000,13,91801563.3700000000
2024-02-21,MDP,MDP,19.1600000000,19.1600000000,19.1600000000,18.9100000000,681.0000000000,12957.6200000000,9,91658048.6800000000
2024-02-22,MDP,MDP,19.0100000000,19.1000000000,19.1000000000,18.7500000000,958.0000000000,18203.5500000000,16,91371019.3000000000
2024-02-23,MDP,MDP,19.0000000000,19.1900000000,19.2000000000,19.0000000000,300.0000000000,5749.7000000000,10,91801563.3700000000
2024-02-26,MDP,MDP,19.0100000000,19.5700000000,19.5700000000,19.0100000000,4308.0000000000,83875.7400000000,30,93619416.1100000000
2024-02-27,MDP,MDP,19.5700000000,20.4500000000,20.5000000000,19.5700000000,11366.0000000000,228453.0400000000,67,97829180.3500000000
2024-02-28,MDP,MDP,20.4500000000,19.5000000000,20.4500000000,19.4000000000,5828.0000000000,116503.2600000000,34,93284548.5000000000
2024-02-29,MDP,MDP,19.9800000000,19.0300000000,19.9800000000,19.0000000000,3223.0000000000,61978.6100000000,28,91036151.6900000000
2024-03-01,MDP,MDP,19.0200000000,19.4800000000,19.4900000000,19.0200000000,139.0000000000,2678.4600000000,6,93188872.0400000000
2024-03-04,MDP,MDP,19.4800000000,19.3000000000,19.5400000000,19.0000000000,3680.0000000000,70715.0500000000,25,92327783.9000000000
2024-03-05,MDP,MDP,18.8600000000,18.9100000000,19.4600000000,18.8600000000,1380.0000000000,26219.1100000000,24,90462092.9300000000
2024-03-06,MDP,MDP,18.9000000000,19.1000000000,19.1000000000,18.9000000000,2539.0000000000,48131.8500000000,17,91371019.3000000000
2024-03-07,MDP,MDP,19.4700000000,19.4700000000,19.4700000000,19.4000000000,34.0000000000,659.8800000000,3,93141033.8100000000
2024-03-08,MDP,MDP,19.0000000000,19.0000000000,19.0000000000,18.9100000000,2807.0000000000,53141.7400000000,9,90892637.0000000000
2024-03-11,MDP,MDP,19.5900000000,19.0000000000,19.5900000000,19.0000000000,1192.0000000000,22713.9300000000,16,90892637.0000000000
2024-03-12,MDP,MDP,19.0000000000,19.5400000000,19.5500000000,19.0000000000,18.0000000000,347.4500000000,3,93475901.4200000000
2024-03-13,MDP,MDP,19.4500000000,19.3200000000,19.4500000000,19.1000000000,1112.0000000000,21613.4200000000,7,92423460.3600000000
2024-03-14,MDP,MDP,19.0000000000,19.2000000000,19.2000000000,19.0000000000,6.0000000000,114.2000000000,2,91849401.6000000000
2024-03-15,MDP,MDP,19.0100000000,19.2000000000,19.2000000000,19.0100000000,309.0000000000,5927.0400000000,7,91849401.6000000000
2024-03-18,MDP,MDP,19.0000000000,19.0000000000,19.2000000000,18.8000000000,3621.0000000000,68659.1800000000,16,90892637.0000000000
2024-03-19,MDP,MDP,19.3200000000,19.0000000000,19.3200000000,19.0000000000,1122.0000000000,21518.6400000000,6,90892637.0000000000
2024-03-20,MDP,MDP,19.3300000000,19.0000000000,19.3300000000,19.0000000000,440.0000000000,8439.1200000000,8,90892637.0000000000
2024-03-21,MDP,MDP,19.0100000000,19.0700000000,19.6000000000,19.0100000000,23164.0000000000,441312.0300000000,20,91227504.6100000000
2024-03-22,MDP,MDP,19.4900000000,19.1000000000,19.4900000000,19.0000000000,807.0000000000,15394.1000000000,7,91371019.3000000000
2024-03-25,MDP,MDP,19.1000000000,19.1000000000,19.1000000000,19.1000000000,329.0000000000,6283.9000000000,3,91371019.3000000000
2024-03-26,MDP,MDP,,19.1000000000,,,,,0,91371019.3000000000
2024-03-27,MDP,MDP,20.5000000000,20.0000000000,20.5000000000,19.5600000000,20989.0000000000,427549.3000000000,50,95676460.0000000000
2024-03-28,MDP,MDP,19.5100000000,19.4900000000,19.8000000000,19.4900000000,3854.0000000000,75148.9700000000,11,93236710.2700000000
2024-03-29,MDP,MDP,19.9800000000,19.2200000000,19.9800000000,19.1100000000,2961.0000000000,57308.1800000000,10,91945078.0600000000
2024-04-01,MDP,MDP,19.7000000000,19.6300000000,19.7000000000,19.0000000000,3832.0000000000,72880.9500000000,15,93906445.4900000000
2024-04-02,MDP,MDP,19.6000000000,19.0300000000,19.6000000000,19.0000000000,1202.0000000000,22887.8000000000,10,91036151.6900000000
2024-04-03,MDP,MDP,19.4900000000,18.5500000000,19.4900000000,18.5500000000,6085.0000000000,114822.1100000000,21,88739916.6500000000
2024-04-04,MDP,MDP,18.5600000000,19.4000000000,19.4400000000,18.5600000000,3321.0000000000,63045.0000000000,14,92806166.2000000000
2024-04-05,MDP,MDP,19.3000000000,18.6700000000,19.3000000000,18.6700000000,1616.0000000000,30290.8400000000,16,89313975.4100000000
2024-04-08,MDP,MDP,19.3400000000,18.6700000000,19.3400000000,18.5800000000,5458.0000000000,102117.6500000000,55,89313975.4100000000
2024-04-09,MDP,MDP,18.6800000000,19.2000000000,19.2500000000,18.6800000000,1243.0000000000,23241.6500000000,14,91849401.6000000000
2024-04-15,MDP,MDP,19.2400000000,19.0600000000,19.2400000000,18.7000000000,11764.0000000000,221570.1000000000,43,91179666.3800000000
2024-04-16,MDP,MDP,19.0600000000,20.9600000000,20.9600000000,18.5000000000,58823.0000000000,1173434.8400000000,147,100268930.0800000000
2024-04-17,MDP,MDP,22.8000000000,20.2000000000,22.8000000000,19.5500000000,29245.0000000000,635939.2100000000,110,96633224.6000000000
2024-04-18,MDP,MDP,19.5100000000,21.5000000000,21.5000000000,19.5100000000,25303.0000000000,526390.3500000000,64,102852194.5000000000
2024-04-19,MDP,MDP,21.0000000000,21.1000000000,21.5000000000,21.0000000000,12462.0000000000,263496.1100000000,57,100938665.3000000000
2024-04-22,MDP,MDP,21.5000000000,20.6000000000,21.7900000000,20.6000000000,7584.0000000000,160871.3000000000,38,98546753.8000000000
2024-04-23,MDP,MDP,20.0000000000,20.9400000000,21.3000000000,19.5000000000,12299.0000000000,249145.0200000000,49,100173253.6200000000
2024-04-24,MDP,MDP,20.1000000000,20.9900000000,21.3000000000,20.0000000000,5493.0000000000,113562.1000000000,33,100412444.7700000000
2024-04-25,MDP,MDP,20.9800000000,20.0000000000,20.9800000000,19.7000000000,7726.0000000000,154416.5100000000,32,95676460.0000000000
2024-04-26,MDP,MDP,20.9000000000,20.3000000000,20.9000000000,19.8100000000,2209.0000000000,44415.7600000000,20,97111606.9000000000
2024-04-29,MDP,MDP,19.6800000000,20.0000000000,20.0000000000,19.6800000000,6707.0000000000,132727.7900000000,24,95676460.0000000000
2024-04-30,MDP,MDP,20.0000000000,19.8000000000,20.0000000000,19.7200000000,3841.0000000000,76500.3600000000,14,94719695.4000000000
2024-05-02,MDP,MDP,20.4900000000,20.0000000000,20.4900000000,19.8000000000,358.0000000000,7173.0100000000,14,95676460.0000000000
2024-05-03,MDP,MDP,20.0000000000,19.5100000000,20.3600000000,19.5100000000,10700.0000000000,212483.5800000000,36,93332386.7300000000
2024-05-06,MDP,MDP,20.2800000000,19.5000000000,20.2800000000,19.5000000000,5308.0000000000,104178.8400000000,34,93284548.5000000000
2024-05-07,MDP,MDP,19.6000000000,19.9400000000,19.9400000000,19.1100000000,4187.0000000000,80402.3300000000,30,95389430.6200000000
2024-05-08,MDP,MDP,19.9900000000,19.9700000000,19.9900000000,19.1500000000,2414.0000000000,46328.6300000000,29,95532945.3100000000
2024-05-09,MDP,MDP,19.9600000000,19.1800000000,19.9600000000,19.1800000000,2183.0000000000,42301.3500000000,29,91753725.1400000000
2024-05-10,MDP,MDP,19.8900000000,19.3000000000,19.8900000000,19.3000000000,961.0000000000,18652.0700000000,16,92327783.9000000000
2024-05-13,MDP,MDP,19.3300000000,19.9000000000,19.9000000000,19.3300000000,2008.0000000000,39832.9600000000,23,95198077.7000000000
2024-05-14,MDP,MDP,19.9000000000,20.0000000000,20.0000000000,19.3300000000,5477.0000000000,109288.1300000000,26,95676460.0000000000
2024-05-15,MDP,MDP,19.8000000000,19.5000000000,20.0000000000,19.5000000000,16217.0000000000,316454.1800000000,47,93284548.5000000000
2024-05-16,MDP,MDP,19.5100000000,19.3000000000,19.8700000000,19.3000000000,7071.0000000000,137178.4100000000,34,92327783.9000000000
2024-05-17,MDP,MDP,19.7900000000,19.7900000000,19.7900000000,19.3400000000,54614.0000000000,1056341.9200000000,18,94671857.1700000000
2024-05-20,MDP,MDP,19.5000000000,19.5000000000,19.5000000000,19.5000000000,900.0000000000,17550.0000000000,3,93284548.5000000000
2024-05-21,MDP,MDP,19.7000000000,19.7800000000,19.7800000000,19.5500000000,11626.0000000000,229797.2400000000,17,94624018.9400000000
2024-05-22,MDP,MDP,19.7800000000,19.7500000000,19.8500000000,19.5000000000,10235.0000000000,202293.9300000000,23,94480504.2500000000
2024-05-23,MDP,MDP,19.9900000000,19.5100000000,19.9900000000,19.5100000000,1306.0000000000,25600.3500000000,13,93332386.7300000000
2024-05-24,MDP,MDP,19.9000000000,19.6900000000,19.9000000000,18.8100000000,13719.0000000000,259162.3600000000,46,94193474.8700000000
2024-05-27,MDP,MDP,19.1100000000,19.6300000000,19.6300000000,19.1000000000,1193.0000000000,22832.9700000000,8,93906445.4900000000
2024-05-28,MDP,MDP,19.6400000000,19.6800000000,19.6900000000,19.4000000000,8901.0000000000,174914.2300000000,21,94145636.6400000000
2024-05-29,MDP,MDP,19.6000000000,19.6000000000,19.6000000000,19.6000000000,6.0000000000,117.6000000000,1,93762930.8000000000
2024-05-30,MDP,MDP,19.0200000000,19.6900000000,19.6900000000,19.0200000000,41461.0000000000,796452.5500000000,15,94193474.8700000000
2024-05-31,MDP,MDP,19.2000000000,19.4000000000,19.6800000000,18.7000000000,13854.0000000000,262861.7700000000,55,92806166.2000000000
2024-06-03,MDP,MDP,19.0000000000,19.3900000000,19.3900000000,18.7200000000,7737.0000000000,145784.2100000000,32,92758327.9700000000
2024-06-04,MDP,MDP,18.8100000000,19.0100000000,19.2000000000,18.8100000000,1280.0000000000,24309.3800000000,8,90940475.2300000000
2024-06-05,MDP,MDP,19.0100000000,19.2400000000,19.2400000000,18.8100000000,561.0000000000,10625.9300000000,13,92040754.5200000000
2024-06-06,MDP,MDP,19.2000000000,19.0000000000,19.2000000000,19.0000000000,1301.0000000000,24719.2000000000,6,90892637.0000000000
2024-06-07,MDP,MDP,18.7700000000,18.8000000000,19.0000000000,18.7700000000,687.0000000000,12925.7400000000,13,89935872.4000000000
2024-06-10,MDP,MDP,19.2900000000,19.2900000000,19.2900000000,19.2900000000,1.0000000000,19.2900000000,1,92279945.6700000000
2024-06-11,MDP,MDP,19.2800000000,18.9000000000,19.2800000000,18.9000000000,309.0000000000,5852.0300000000,11,90414254.7000000000
2024-06-12,MDP,MDP,19.2500000000,18.8700000000,19.2500000000,18.8700000000,315.0000000000,5957.3600000000,8,90270740.0100000000
2024-06-13,MDP,MDP,19.0000000000,19.0500000000,19.0500000000,18.9000000000,2211.0000000000,42010.4500000000,16,91131828.1500000000
2024-06-14,MDP,MDP,19.1700000000,18.9800000000,19.1700000000,18.9000000000,438.0000000000,8342.4100000000,8,90796960.5400000000
2024-06-19,MDP,MDP,18.9800000000,18.9800000000,18.9800000000,18.9800000000,16.0000000000,303.6800000000,3,90796960.5400000000
2024-06-20,MDP,MDP,18.9800000000,19.2900000000,19.2900000000,18.9800000000,350.0000000000,6643.3100000000,4,92279945.6700000000
2024-06-21,MDP,MDP,19.2000000000,18.7800000000,19.2000000000,18.7700000000,8184.0000000000,153935.3600000000,30,89840195.9400000000
2024-06-24,MDP,MDP,19.1800000000,18.8000000000,19.1800000000,18.6200000000,2070.0000000000,38960.3600000000,12,89935872.4000000000
2024-06-25,MDP,MDP,18.8000000000,18.9500000000,18.9500000000,18.7000000000,1826.0000000000,34163.9000000000,12,90653445.8500000000
2024-06-26,MDP,MDP,18.6500000000,18.8000000000,18.8000000000,18.6000000000,3390.0000000000,63355.9000000000,26,89935872.4000000000
2024-06-27,MDP,MDP,18.8000000000,18.9000000000,18.9000000000,18.8000000000,1076.0000000000,20336.3000000000,4,90414254.7000000000
2024-06-28,MDP,MDP,18.9000000000,18.9800000000,18.9800000000,18.7100000000,8752.0000000000,164560.8800000000,17,90796960.5400000000
2024-07-01,MDP,MDP,18.7100000000,18.7100000000,18.7100000000,18.7100000000,415.0000000000,7764.6500000000,4,89505328.3300000000
2024-07-02,MDP,MDP,18.6000000000,18.9800000000,18.9800000000,18.6000000000,1701.0000000000,31731.7100000000,18,90796960.5400000000
2024-07-03,MDP,MDP,18.9700000000,18.6000000000,18.9700000000,18.6000000000,5611.0000000000,104366.5000000000,15,88979107.8000000000
2024-07-04,MDP,MDP,18.6000000000,18.5000000000,18.9000000000,18.4500000000,8094.0000000000,150162.6000000000,10,88500725.5000000000
2024-07-05,MDP,MDP,18.8000000000,18.8000000000,18.8000000000,18.4500000000,1922.0000000000,35625.9000000000,17,89935872.4000000000
2024-07-08,MDP,MDP,18.3100000000,18.7700000000,18.7900000000,18.3100000000,1684.0000000000,30865.2300000000,17,89792357.7100000000
2024-07-09,MDP,MDP,18.8000000000,18.8000000000,18.8000000000,18.8000000000,2975.0000000000,55930.0000000000,14,89935872.4000000000
2024-07-10,MDP,MDP,18.8000000000,18.8000000000,18.8000000000,18.8000000000,10.0000000000,188.0000000000,1,89935872.4000000000
2024-07-11,MDP,MDP,18.8000000000,18.5000000000,18.8000000000,18.5000000000,6793.0000000000,125688.2000000000,12,88500725.5000000000
2024-07-12,MDP,MDP,18.8000000000,18.8000000000,18.8000000000,18.8000000000,41.0000000000,770.8000000000,2,89935872.4000000000
2024-07-15,MDP,MDP,18.5200000000,18.8000000000,18.8000000000,18.5200000000,302.0000000000,5593.3200000000,6,89935872.4000000000
2024-07-16,MDP,MDP,18.7900000000,18.7800000000,18.8000000000,18.7800000000,1017.0000000000,19110.7300000000,7,89840195.9400000000
2024-07-17,MDP,MDP,18.7800000000,18.7000000000,18.7800000000,18.7000000000,904.0000000000,16970.4000000000,7,89457490.1000000000
2024-07-18,MDP,MDP,18.6100000000,19.0000000000,19.0000000000,18.6100000000,3359.0000000000,63103.6800000000,5,90892637.0000000000
2024-07-19,MDP,MDP,18.9900000000,18.7000000000,18.9900000000,18.7000000000,5570.0000000000,105068.0400000000,13,89457490.1000000000
2024-07-22,MDP,MDP,18.6500000000,18.7000000000,19.0000000000,18.6500000000,1104.0000000000,20822.3300000000,12,89457490.1000000000
2024-07-23,MDP,MDP,18.6100000000,19.2000000000,19.2500000000,18.6100000000,6994.0000000000,134129.8200000000,17,91849401.6000000000
2024-07-24,MDP,MDP,19.0000000000,19.1900000000,19.1900000000,19.0000000000,697.0000000000,13312.9200000000,5,91801563.3700000000
2024-07-25,MDP,MDP,19.1600000000,19.2800000000,19.2800000000,19.0100000000,10262.0000000000,197618.9000000000,25,92232107.4400000000
2024-07-26,MDP,MDP,19.2900000000,19.2900000000,19.3000000000,19.2900000000,518.0000000000,9996.3700000000,4,92279945.6700000000
2024-07-29,MDP,MDP,19.3000000000,19.2000000000,19.3000000000,19.2000000000,372.0000000000,7166.9000000000,4,91849401.6000000000
2024-07-31,MDP,MDP,19.0500000000,19.1900000000,19.2900000000,19.0000000000,1664.0000000000,31727.2800000000,8,91801563.3700000000
2024-08-01,MDP,MDP,19.1000000000,19.2000000000,19.2000000000,19.0200000000,396.0000000000,7556.4500000000,10,91849401.6000000000
2024-08-02,MDP,MDP,19.1000000000,19.0100000000,19.2000000000,19.0100000000,564.0000000000,10755.4000000000,4,90940475.2300000000
2024-08-05,MDP,MDP,19.0300000000,19.0000000000,19.0300000000,19.0000000000,536.0000000000,10185.0800000000,6,90892637.0000000000
2024-08-06,MDP,MDP,19.0300000000,18.8500000000,19.1800000000,18.8500000000,13125.0000000000,249752.2700000000,5,90175063.5500000000
2024-08-07,MDP,MDP,18.8100000000,19.0000000000,19.2000000000,18.8100000000,177.0000000000,3358.9800000000,13,90892637.0000000000
2024-08-08,MDP,MDP,18.9100000000,19.0000000000,19.1000000000,18.9100000000,605.0000000000,11494.9000000000,11,90892637.0000000000
2024-08-09,MDP,MDP,19.1000000000,18.8000000000,19.1000000000,18.8000000000,3855.0000000000,73074.2500000000,19,89935872.4000000000
2024-08-12,MDP,MDP,19.1900000000,19.1900000000,19.1900000000,19.1900000000,1.0000000000,19.1900000000,1,91801563.3700000000
2024-08-13,MDP,MDP,19.1900000000,19.1800000000,19.1900000000,19.1700000000,40.0000000000,767.3500000000,6,91753725.1400000000
2024-08-15,MDP,MDP,18.4000000000,21.0000000000,21.0000000000,18.4000000000,59202.0000000000,1208567.6800000000,160,100460283.0000000000
2024-08-16,MDP,MDP,21.5500000000,22.0000000000,22.4000000000,21.1500000000,73528.0000000000,1623085.1100000000,192,105244106.0000000000
2024-08-19,MDP,MDP,22.8800000000,24.1900000000,24.1900000000,22.0000000000,82701.0000000000,1951428.3100000000,198,115720678.3700000000
2024-08-22,MDP,MDP,25.9000000000,26.6000000000,26.6000000000,25.9000000000,30692.0000000000,803423.1500000000,103,127249691.8000000000
2024-08-23,MDP,MDP,27.9700000000,24.6600000000,28.0000000000,24.5000000000,110236.0000000000,2923239.6600000000,358,117969075.1800000000
2024-08-26,MDP,MDP,23.8000000000,24.0000000000,26.1900000000,23.8000000000,41344.0000000000,1031829.0900000000,163,114811752.0000000000
2024-08-27,MDP,MDP,23.9000000000,23.5100000000,24.4000000000,23.5000000000,6852.0000000000,163368.3200000000,58,112467678.7300000000
2024-08-28,MDP,MDP,21.6000000000,22.0600000000,23.8500000000,21.5000000000,64610.0000000000,1420661.5500000000,180,105531135.3800000000
2024-08-29,MDP,MDP,22.7000000000,22.2000000000,22.7000000000,21.6500000000,8566.0000000000,189141.8400000000,48,106200870.6000000000
2024-08-30,MDP,MDP,22.0000000000,21.7000000000,22.0900000000,20.2100000000,19823.0000000000,422866.1400000000,66,103808959.1000000000
2024-09-02,MDP,MDP,21.1900000000,22.9600000000,23.0000000000,20.6000000000,49232.0000000000,1085390.0500000000,188,109836576.0800000000
2024-09-03,MDP,MDP,23.0000000000,22.4000000000,23.3900000000,22.0000000000,30145.0000000000,672814.8100000000,74,107157635.2000000000
2024-09-04,MDP,MDP,22.4900000000,22.0000000000,22.4900000000,21.5000000000,18794.0000000000,415305.4400000000,56,105244106.0000000000
2024-09-05,MDP,MDP,22.5900000000,21.5100000000,22.5900000000,21.5000000000,8319.0000000000,180129.2400000000,34,102900032.7300000000
2024-09-06,MDP,MDP,22.2900000000,21.8000000000,22.2900000000,21.5300000000,1886.0000000000,41015.3300000000,31,104287341.4000000000
2024-09-09,MDP,MDP,21.8000000000,21.9500000000,22.2500000000,21.5000000000,13345.0000000000,290223.4000000000,38,105004914.8500000000
2024-09-10,MDP,MDP,21.5000000000,21.5600000000,21.9000000000,21.5000000000,553.0000000000,11922.7900000000,12,103139223.8800000000
2024-09-11,MDP,MDP,21.5600000000,21.9800000000,22.0000000000,21.5600000000,7275.0000000000,157240.6000000000,23,105148429.5400000000
2024-09-12,MDP,MDP,21.9700000000,21.5500000000,21.9800000000,21.3500000000,5836.0000000000,125261.1100000000,23,103091385.6500000000
2024-09-13,MDP,MDP,21.4000000000,21.5900000000,21.6500000000,21.4000000000,646.0000000000,13828.4700000000,19,103282738.5700000000
2024-09-18,MDP,MDP,21.5000000000,21.4800000000,21.8400000000,20.8500000000,6586.0000000000,139399.6800000000,53,102756518.0400000000
2024-09-19,MDP,MDP,21.1000000000,20.8500000000,21.7000000000,20.7600000000,7032.0000000000,147197.2600000000,40,99742709.5500000000
2024-09-20,MDP,MDP,21.5000000000,21.3800000000,21.5000000000,20.8200000000,5374.0000000000,113738.3400000000,21,102278135.7400000000
2024-09-23,MDP,MDP,21.4800000000,22.0000000000,22.0000000000,21.3000000000,15165.0000000000,333627.0500000000,24,105244106.0000000000
2024-09-24,MDP,MDP,22.3500000000,22.0000000000,23.0000000000,22.0000000000,15347.0000000000,341041.0700000000,39,105244106.0000000000
2024-09-25,MDP,MDP,22.0100000000,22.3000000000,22.6600000000,22.0000000000,4514.0000000000,99400.4100000000,18,106679252.9000000000
2024-09-26,MDP,MDP,22.3000000000,22.2000000000,22.5000000000,22.0000000000,25151.0000000000,554121.0800000000,35,106200870.6000000000
2024-09-27,MDP,MDP,22.2000000000,22.0000000000,22.2000000000,22.0000000000,18738.0000000000,412796.3000000000,25,105244106.0000000000
2024-09-30,MDP,MDP,22.0000000000,21.2900000000,22.0000000000,21.0000000000,33521.0000000000,730183.8800000000,55,101847591.6700000000
2024-10-01,MDP,MDP,20.8000000000,21.7600000000,21.9900000000,20.8000000000,4344.0000000000,90405.3000000000,30,104095988.4800000000
2024-10-02,MDP,MDP,20.5100000000,21.2400000000,21.2500000000,20.5100000000,2393.0000000000,49600.6600000000,10,101608400.5200000000
2024-10-03,MDP,MDP,21.0000000000,21.4700000000,21.4900000000,21.0000000000,2021.0000000000,42547.4700000000,19,102708679.8100000000
2024-10-04,MDP,MDP,21.4900000000,21.5000000000,21.5000000000,21.3000000000,3312.0000000000,71169.8400000000,17,102852194.5000000000
2024-10-07,MDP,MDP,20.5500000000,21.0000000000,21.3000000000,20.5500000000,799.0000000000,16566.5000000000,9,100460283.0000000000
2024-10-08,MDP,MDP,20.6000000000,21.1000000000,21.5800000000,20.1000000000,10408.0000000000,212388.5600000000,37,100938665.3000000000
2024-10-09,MDP,MDP,21.3500000000,21.2700000000,21.3500000000,21.2700000000,45.0000000000,957.6300000000,3,101751915.2100000000
2024-10-10,MDP,MDP,20.9900000000,20.6000000000,20.9900000000,20.6000000000,34.0000000000,705.8500000000,4,98546753.8000000000
2024-10-11,MDP,MDP,21.0800000000,20.6600000000,21.0800000000,20.6500000000,683.0000000000,14234.0600000000,9,98833783.1800000000
2024-10-14,MDP,MDP,21.0000000000,20.5000000000,21.0000000000,20.5000000000,1397.0000000000,29070.9300000000,14,98068371.5000000000
2024-10-15,MDP,MDP,20.5000000000,20.5000000000,20.5000000000,20.0000000000,5106.0000000000,102260.7900000000,22,98068371.5000000000
2024-10-16,MDP,MDP,19.8200000000,20.0000000000,20.9700000000,19.8200000000,10992.0000000000,219758.9300000000,14,95676460.0000000000
2024-10-17,MDP,MDP,20.9900000000,20.7500000000,20.9900000000,20.4000000000,2061.0000000000,42684.8500000000,12,99264327.2500000000
2024-10-18,MDP,MDP,20.8000000000,20.0500000000,21.0000000000,20.0500000000,2417.0000000000,49108.5000000000,21,95915651.1500000000
2024-10-21,MDP,MDP,20.1000000000,20.2500000000,20.5000000000,20.1000000000,1313.0000000000,26557.1000000000,6,96872415.7500000000
2024-10-22,MDP,MDP,20.6000000000,20.6000000000,20.6000000000,20.2000000000,1010.0000000000,20802.0000000000,5,98546753.8000000000
2024-10-23,MDP,MDP,20.9900000000,21.0000000000,21.0000000000,20.9900000000,20.0000000000,419.9300000000,2,100460283.0000000000
2024-10-24,MDP,MDP,21.0000000000,20.2500000000,21.0000000000,20.2000000000,245.0000000000,4963.6000000000,8,96872415.7500000000
2024-10-25,MDP,MDP,20.3500000000,20.4900000000,20.5000000000,20.2000000000,970.0000000000,19692.9500000000,7,98020533.2700000000
2024-10-28,MDP,MDP,20.4800000000,20.2000000000,20.4800000000,19.5000000000,4553.0000000000,91311.4600000000,19,96633224.6000000000
2024-10-29,MDP,MDP,19.8100000000,20.4700000000,20.9900000000,19.8100000000,7533.0000000000,150779.4100000000,31,97924856.8100000000
2024-10-30,MDP,MDP,20.9500000000,20.0500000000,20.9500000000,20.0200000000,652.0000000000,13121.9800000000,6,95915651.1500000000
2024-10-31,MDP,MDP,20.5500000000,20.4000000000,20.5500000000,20.0400000000,24126.0000000000,483502.6500000000,11,97589989.2000000000
2024-11-01,MDP,MDP,20.0600000000,20.2900000000,20.3000000000,20.0000000000,4514.0000000000,90534.8400000000,16,97063768.6700000000
2024-11-04,MDP,MDP,20.9600000000,20.0000000000,20.9600000000,20.0000000000,258.0000000000,5212.9500000000,9,95676460.0000000000
2024-11-05,MDP,MDP,20.0000000000,20.3000000000,20.3000000000,19.8300000000,646.0000000000,12922.8300000000,15,97111606.9000000000
2024-11-07,MDP,MDP,20.5700000000,20.2000000000,20.5700000000,19.9000000000,612.0000000000,12242.3200000000,10,96633224.6000000000
2024-11-08,MDP,MDP,20.0000000000,20.3900000000,20.3900000000,20.0000000000,1019.0000000000,20415.3100000000,6,97542150.9700000000
2024-11-11,MDP,MDP,20.4000000000,20.1000000000,20.4000000000,20.0500000000,1224.0000000000,24724.2900000000,18,96154842.3000000000
2024-11-12,MDP,MDP,20.1000000000,20.6700000000,20.7000000000,20.1000000000,2949.0000000000,59654.4300000000,13,98881621.4100000000
2024-11-13,MDP,MDP,20.4000000000,20.4000000000,20.7700000000,20.4000000000,2175.0000000000,44377.6100000000,19,97589989.2000000000
2024-11-14,MDP,MDP,20.7200000000,20.6600000000,20.7200000000,20.3500000000,549.0000000000,11198.6100000000,9,98833783.1800000000
2024-11-15,MDP,MDP,20.6800000000,20.5000000000,20.6800000000,20.4000000000,1583.0000000000,32295.3200000000,7,98068371.5000000000
2024-11-19,MDP,MDP,20.3500000000,20.2400000000,20.9300000000,20.2400000000,318.0000000000,6471.1000000000,9,96824577.5200000000
2024-11-20,MDP,MDP,20.2700000000,20.7000000000,20.8000000000,20.2000000000,1489.0000000000,30146.5600000000,15,99025136.1000000000
2024-11-21,MDP,MDP,20.5000000000,20.2500000000,20.6900000000,20.2500000000,1361.0000000000,27624.4400000000,16,96872415.7500000000
2024-11-22,MDP,MDP,20.2000000000,20.4900000000,20.7000000000,20.2000000000,1779.0000000000,35983.5800000000,12,98020533.2700000000
2024-11-25,MDP,MDP,20.5000000000,20.5000000000,20.5000000000,20.2200000000,146.0000000000,2982.0300000000,9,98068371.5000000000
2024-11-26,MDP,MDP,20.2200000000,20.2800000000,20.5000000000,19.8900000000,207.0000000000,4120.0300000000,7,97015930.4400000000
2024-11-27,MDP,MDP,20.4900000000,20.0100000000,20.4900000000,20.0100000000,888.0000000000,17793.0700000000,13,95724298.2300000000
2024-11-28,MDP,MDP,20.7000000000,20.5000000000,20.7000000000,20.0600000000,237.0000000000,4828.0600000000,10,98068371.5000000000
2024-11-29,MDP,MDP,20.5000000000,20.1000000000,20.5000000000,20.0200000000,2852.0000000000,57415.0700000000,19,96154842.3000000000
2024-12-02,MDP,MDP,20.8800000000,20.0200000000,20.8800000000,20.0100000000,2104.0000000000,43842.5200000000,13,95772136.4600000000
2024-12-03,MDP,MDP,20.3000000000,20.1000000000,20.3000000000,19.7000000000,1561.0000000000,30869.9700000000,26,96154842.3000000000
2024-12-04,MDP,MDP,20.1700000000,19.8700000000,20.1700000000,19.8500000000,251.0000000000,4984.9600000000,4,95054563.0100000000
2024-12-05,MDP,MDP,19.8700000000,20.0000000000,20.0000000000,19.8600000000,646.0000000000,12841.3500000000,12,95676460.0000000000
2024-12-06,MDP,MDP,20.0000000000,20.0000000000,20.0000000000,19.8700000000,3276.0000000000,65240.4500000000,23,95676460.0000000000
2024-12-09,MDP,MDP,20.1800000000,19.9000000000,20.1800000000,19.8800000000,153.0000000000,3044.5400000000,5,95198077.7000000000
2024-12-10,MDP,MDP,19.9000000000,19.9000000000,20.1700000000,19.8800000000,677.0000000000,13470.0900000000,8,95198077.7000000000
2024-12-11,MDP,MDP,19.8600000000,20.0000000000,20.1700000000,19.8600000000,118.0000000000,2358.6100000000,5,95676460.0000000000
2024-12-12,MDP,MDP,20.1700000000,20.1700000000,20.1700000000,20.0200000000,1812.0000000000,36282.0400000000,8,96489709.9100000000
2024-12-13,MDP,MDP,19.9400000000,20.4800000000,20.4800000000,19.9400000000,3770.0000000000,75347.3400000000,15,97972695.0400000000
2024-12-16,MDP,MDP,20.4800000000,20.4800000000,20.4800000000,19.9300000000,1363.0000000000,27197.3200000000,9,97972695.0400000000
2024-12-17,MDP,MDP,19.9300000000,20.4800000000,20.4800000000,19.9300000000,1802.0000000000,36659.8800000000,15,97972695.0400000000
2024-12-18,MDP,MDP,20.4700000000,20.4700000000,20.4700000000,20.4600000000,16.0000000000,327.4800000000,3,97924856.8100000000
2024-12-19,MDP,MDP,20.1700000000,21.4900000000,22.0000000000,20.1700000000,21174.0000000000,454320.7600000000,96,102804356.2700000000
2024-12-20,MDP,MDP,21.7800000000,21.6000000000,21.7800000000,21.3000000000,4801.0000000000,104143.1600000000,31,103330576.8000000000
2024-12-23,MDP,MDP,21.5900000000,21.5400000000,21.5900000000,21.0100000000,1718.0000000000,36882.8700000000,21,103043547.4200000000
2024-12-24,MDP,MDP,21.5500000000,21.8400000000,21.9400000000,21.5500000000,1758.0000000000,38273.1400000000,17,104478694.3200000000
2024-12-25,MDP,MDP,21.8000000000,21.8300000000,21.8300000000,21.8000000000,324.0000000000,7064.0400000000,4,104430856.0900000000
2024-12-26,MDP,MDP,21.7000000000,21.4000000000,21.7900000000,21.4000000000,440.0000000000,9473.8100000000,6,102373812.2000000000
2024-12-27,MDP,MDP,21.5000000000,21.3900000000,21.5000000000,21.1000000000,2536.0000000000,53552.6200000000,15,102325973.9700000000
2024-12-30,MDP,MDP,21.5000000000,20.6300000000,21.5000000000,20.6300000000,1283.0000000000,26821.2500000000,10,98690268.4900000000
2024-12-31,MDP,MDP,21.4800000000,20.5300000000,21.4800000000,20.5200000000,1838.0000000000,37854.9900000000,18,98211886.1900000000
2025-01-02,MDP,MDP,21.3600000000,21.2500000000,21.3600000000,20.6000000000,5100.0000000000,107110.8100000000,29,101656238.7500000000
2025-01-03,MDP,MDP,21.0000000000,20.7000000000,21.4000000000,20.6600000000,4761.0000000000,98934.3900000000,28,99025136.1000000000
2025-01-06,MDP,MDP,21.4900000000,21.2800000000,21.4900000000,20.6500000000,6490.0000000000,134921.4300000000,31,101799753.4400000000
2025-01-07,MDP,MDP,21.3900000000,21.2800000000,21.3900000000,20.6400000000,3632.0000000000,75241.9400000000,24,101799753.4400000000
2025-01-08,MDP,MDP,20.6200000000,21.0000000000,21.2900000000,20.6200000000,4165.0000000000,87481.1900000000,22,100460283.0000000000
2025-01-09,MDP,MDP,21.0000000000,23.0900000000,23.0900000000,20.9000000000,47393.0000000000,1052648.7500000000,93,110458473.0700000000
2025-01-10,MDP,MDP,24.8700000000,22.8000000000,24.8700000000,22.2000000000,37820.0000000000,909440.9700000000,130,109071164.4000000000
2025-01-13,MDP,MDP,23.5000000000,22.2500000000,23.5000000000,20.7000000000,16581.0000000000,346349.5200000000,46,106440061.7500000000
2025-01-15,MDP,MDP,22.2600000000,23.0000000000,23.3000000000,22.2600000000,13628.0000000000,307899.7200000000,23,110027929.0000000000
2025-01-16,MDP,MDP,23.1400000000,22.9700000000,23.1400000000,22.4500000000,1258.0000000000,28270.8600000000,9,109884414.3100000000
2025-01-17,MDP,MDP,22.9800000000,22.8300000000,22.9800000000,22.0000000000,3512.0000000000,78145.7800000000,24,109214679.0900000000
2025-01-20,MDP,MDP,22.0200000000,23.4900000000,23.5000000000,22.0200000000,16418.0000000000,377275.1300000000,48,112372002.2700000000
2025-01-21,MDP,MDP,23.5000000000,22.2000000000,23.5000000000,22.1000000000,3060.0000000000,69189.2300000000,15,106200870.6000000000
2025-01-22,MDP,MDP,22.2000000000,23.1500000000,23.4600000000,22.2000000000,1139.0000000000,25300.8000000000,10,110745502.4500000000
2025-01-23,MDP,MDP,23.1800000000,23.0900000000,23.1800000000,22.1000000000,945.0000000000,21089.8100000000,13,110458473.0700000000
2025-01-24,MDP,MDP,22.3100000000,23.0000000000,23.0000000000,22.3100000000,156.0000000000,3573.6400000000,5,110027929.0000000000
2025-01-27,MDP,MDP,22.1000000000,22.5000000000,22.8900000000,22.1000000000,1134.0000000000,25240.3500000000,10,107636017.5000000000
2025-01-28,MDP,MDP,23.4300000000,23.1100000000,23.4300000000,23.1000000000,62.0000000000,1432.7000000000,4,110554149.5300000000
2025-01-29,MDP,MDP,22.5000000000,22.4600000000,23.0000000000,22.4600000000,16898.0000000000,380218.8800000000,19,107444664.5800000000
2025-01-30,MDP,MDP,22.5000000000,22.0000000000,22.9700000000,21.6200000000,5170.0000000000,114328.0100000000,44,105244106.0000000000
2025-01-31,MDP,MDP,22.1000000000,22.0000000000,22.3000000000,22.0000000000,6877.0000000000,151486.8500000000,28,105244106.0000000000
2025-02-03,MDP,MDP,21.7300000000,22.2900000000,22.3000000000,21.7300000000,94.0000000000,2073.5600000000,4,106631414.6700000000
2025-02-04,MDP,MDP,22.2800000000,22.3000000000,22.9400000000,22.1000000000,2242.0000000000,50484.5000000000,14,106679252.9000000000
2025-02-05,MDP,MDP,21.7600000000,22.4900000000,22.8600000000,21.7600000000,422.0000000000,9283.5000000000,11,107588179.2700000000
2025-02-06,MDP,MDP,22.6900000000,23.9200000000,24.5900000000,22.0100000000,76285.0000000000,1817500.0200000000,204,114429046.1600000000
2025-02-07,MDP,MDP,23.9000000000,23.0100000000,23.9000000000,22.3200000000,10881.0000000000,253539.8000000000,66,110075767.2300000000
2025-02-10,MDP,MDP,22.9900000000,23.3500000000,23.5000000000,22.9900000000,4797.0000000000,110646.1600000000,27,111702267.0500000000
2025-02-11,MDP,MDP,23.1000000000,22.4000000000,23.1900000000,22.4000000000,9459.0000000000,213723.1100000000,54,107157635.2000000000
2025-02-12,MDP,MDP,22.8400000000,22.5000000000,23.3200000000,22.5000000000,3123.0000000000,71769.7600000000,22,107636017.5000000000
2025-02-13,MDP,MDP,23.1300000000,22.5000000000,23.1300000000,22.5000000000,1770.0000000000,40313.0500000000,12,107636017.5000000000
2025-02-14,MDP,MDP,23.0000000000,22.3200000000,23.0000000000,22.1500000000,1527.0000000000,34602.9000000000,18,106774929.3600000000
2025-02-17,MDP,MDP,22.2000000000,22.6900000000,22.7800000000,22.1000000000,1712.0000000000,37951.5500000000,18,108544943.8700000000
2025-02-18,MDP,MDP,22.1600000000,22.7200000000,22.7400000000,22.1200000000,1456.0000000000,32384.8300000000,19,108688458.5600000000
2025-02-19,MDP,MDP,22.3500000000,22.7500000000,22.9900000000,22.0100000000,6913.0000000000,153814.3700000000,57,108831973.2500000000
2025-02-20,MDP,MDP,22.7800000000,22.3000000000,22.7800000000,21.5400000000,8422.0000000000,185225.3900000000,33,106679252.9000000000
2025-02-21,MDP,MDP,22.9900000000,22.3000000000,22.9900000000,22.3000000000,5593.0000000000,127662.7100000000,23,106679252.9000000000
2025-02-24,MDP,MDP,22.3000000000,22.7900000000,22.8800000000,22.0100000000,1521.0000000000,34445.8700000000,16,109023326.1700000000
2025-02-25,MDP,MDP,22.3500000000,22.8000000000,22.8400000000,22.3200000000,1689.0000000000,38194.0400000000,19,109071164.4000000000
2025-02-26,MDP,MDP,22.7900000000,22.6900000000,22.8000000000,22.5000000000,7427.0000000000,168632.0600000000,42,108544943.8700000000
2025-02-27,MDP,MDP,22.5000000000,22.7800000000,22.8000000000,21.6500000000,3540.0000000000,79729.3100000000,28,108975487.9400000000
2025-02-28,MDP,MDP,22.0200000000,22.6800000000,22.8000000000,22.0200000000,19514.0000000000,433231.9300000000,28,108497105.6400000000
2025-03-03,MDP,MDP,22.7500000000,22.7900000000,22.8000000000,22.7000000000,3114.0000000000,70968.7700000000,24,109023326.1700000000
2025-03-04,MDP,MDP,22.7900000000,22.4800000000,22.7900000000,22.1000000000,720.0000000000,16154.5400000000,10,107540341.0400000000
2025-03-05,MDP,MDP,22.5000000000,22.5500000000,22.5500000000,22.1000000000,816.0000000000,18094.0000000000,11,107875208.6500000000
2025-03-06,MDP,MDP,22.4700000000,22.1000000000,22.4700000000,22.1000000000,389.0000000000,8665.5000000000,14,105722488.3000000000
2025-03-07,MDP,MDP,22.4700000000,21.8000000000,22.4700000000,21.6600000000,4337.0000000000,94996.3000000000,17,104287341.4000000000
2025-03-10,MDP,MDP,22.4300000000,22.3900000000,22.4300000000,22.3900000000,563.0000000000,12606.1700000000,7,107109796.9700000000
2025-03-11,MDP,MDP,21.7300000000,21.9900000000,22.3800000000,21.7300000000,757.0000000000,16745.0900000000,14,105196267.7700000000
2025-03-12,MDP,MDP,21.9900000000,22.2900000000,22.4000000000,21.7200000000,3921.0000000000,85781.7700000000,22,106631414.6700000000
2025-03-13,MDP,MDP,21.7500000000,22.3900000000,22.4700000000,21.7500000000,258.0000000000,5788.2700000000,6,107109796.9700000000
2025-03-14,MDP,MDP,22.3000000000,22.3900000000,22.7000000000,22.0000000000,2802.0000000000,62943.9600000000,29,107109796.9700000000
2025-03-17,MDP,MDP,22.5000000000,22.5000000000,22.7000000000,22.2500000000,2412.0000000000,54123.0000000000,13,107636017.5000000000
2025-03-18,MDP,MDP,22.4000000000,22.2500000000,22.4000000000,22.0000000000,2818.0000000000,62454.4500000000,12,106440061.7500000000
2025-03-19,MDP,MDP,22.3000000000,22.1000000000,22.3000000000,22.0000000000,1339.0000000000,29795.8000000000,15,105722488.3000000000
2025-03-20,MDP,MDP,22.1000000000,23.0100000000,23.3000000000,22.1000000000,34253.0000000000,784605.1500000000,108,110075767.2300000000
2025-03-21,MDP,MDP,23.2000000000,23.8900000000,24.0000000000,23.1000000000,13391.0000000000,319692.1000000000,58,114285531.4700000000
2025-03-24,MDP,MDP,22.7000000000,23.7000000000,23.8900000000,22.7000000000,7347.0000000000,170271.6400000000,29,113376605.1000000000
2025-03-25,MDP,MDP,23.7000000000,23.0000000000,23.7000000000,22.7200000000,1220.0000000000,27939.1500000000,19,110027929.0000000000
2025-03-26,MDP,MDP,23.5000000000,24.5000000000,24.8000000000,23.4000000000,33864.0000000000,820882.0500000000,147,117203663.5000000000
2025-03-27,MDP,MDP,24.1000000000,24.0000000000,24.7800000000,23.5000000000,12995.0000000000,311988.4000000000,73,114811752.0000000000
2025-03-28,MDP,MDP,23.0000000000,23.4900000000,24.0000000000,22.6000000000,9306.0000000000,212765.3500000000,52,112372002.2700000000
2025-04-02,MDP,MDP,24.0000000000,23.5000000000,24.4500000000,23.5000000000,26548.0000000000,637766.7800000000,91,112419840.5000000000
2025-04-03,MDP,MDP,23.4900000000,22.5300000000,23.5000000000,22.0000000000,14696.0000000000,332908.5700000000,74,107779532.1900000000
2025-04-04,MDP,MDP,22.6000000000,22.0500000000,22.8500000000,21.5000000000,14773.0000000000,322663.3300000000,70,105483297.1500000000
2025-04-07,MDP,MDP,22.0600000000,20.1300000000,22.0600000000,20.1100000000,19830.0000000000,414994.3900000000,93,96298356.9900000000
2025-04-08,MDP,MDP,21.9500000000,21.5200000000,21.9500000000,21.1000000000,4440.0000000000,95884.1000000000,38,102947870.9600000000
2025-04-09,MDP,MDP,21.4400000000,21.8000000000,21.9800000000,20.0600000000,7245.0000000000,149988.5100000000,40,104287341.4000000000
2025-04-10,MDP,MDP,22.9600000000,21.9700000000,22.9600000000,21.0000000000,3185.0000000000,67452.8500000000,34,105100591.3100000000
2025-04-11,MDP,MDP,22.8000000000,21.0100000000,22.8000000000,20.2100000000,9006.0000000000,188838.6700000000,47,100508121.2300000000
2025-04-14,MDP,MDP,21.5800000000,21.4000000000,21.5800000000,20.8600000000,1334.0000000000,28166.8900000000,30,102373812.2000000000
2025-04-15,MDP,MDP,21.5000000000,21.8100000000,21.9500000000,20.8800000000,2475.0000000000,53427.4800000000,30,104335179.6300000000
2025-04-16,MDP,MDP,21.1000000000,21.7500000000,22.4800000000,21.1000000000,3497.0000000000,76209.7400000000,48,104048150.2500000000
2025-04-17,MDP,MDP,22.3800000000,21.9900000000,22.3800000000,21.3000000000,2002.0000000000,44084.0400000000,30,105196267.7700000000
2025-04-18,MDP,MDP,22.2400000000,22.1800000000,22.2500000000,21.5500000000,3601.0000000000,79643.0500000000,28,106105194.1400000000
2025-04-21,MDP,MDP,21.3400000000,22.4700000000,22.5000000000,21.3400000000,4660.0000000000,102480.8200000000,22,107492502.8100000000
2025-04-22,MDP,MDP,22.0000000000,22.9300000000,22.9800000000,22.0000000000,6888.0000000000,154052.2000000000,46,109693061.3900000000
2025-04-23,MDP,MDP,22.9500000000,22.6800000000,22.9500000000,22.0000000000,1694.0000000000,37918.7000000000,24,108497105.6400000000
2025-04-24,MDP,MDP,22.6300000000,22.1900000000,22.6300000000,21.5500000000,3990.0000000000,86339.2000000000,23,106153032.3700000000
2025-04-25,MDP,MDP,22.2900000000,22.1000000000,22.2900000000,21.7800000000,451.0000000000,9908.4100000000,15,105722488.3000000000
2025-04-28,MDP,MDP,22.1000000000,22.6600000000,22.6700000000,22.1000000000,737.0000000000,16321.0500000000,27,108401429.1800000000
2025-04-29,MDP,MDP,22.7000000000,22.3500000000,22.7000000000,22.3500000000,165.0000000000,3689.2000000000,6,106918444.0500000000
2025-04-30,MDP,MDP,22.1500000000,22.1500000000,22.2900000000,21.5200000000,1784.0000000000,39232.9600000000,17,105961679.4500000000
2025-05-02,MDP,MDP,22.3400000000,21.7100000000,22.3400000000,21.5400000000,1232.0000000000,27089.0200000000,11,103856797.3300000000
2025-05-05,MDP,MDP,22.3500000000,22.1900000000,22.3500000000,22.0000000000,513.0000000000,11352.2500000000,11,106153032.3700000000
2025-05-06,MDP,MDP,22.1800000000,22.1000000000,22.4000000000,22.1000000000,661.0000000000,14724.1100000000,8,105722488.3000000000
2025-05-07,MDP,MDP,22.2900000000,21.7700000000,22.2900000000,21.7100000000,34.0000000000,746.6700000000,9,104143826.7100000000
2025-05-08,MDP,MDP,22.2300000000,22.8600000000,22.8600000000,21.7900000000,1941.0000000000,43030.9400000000,18,109358193.7800000000
2025-05-09,MDP,MDP,22.7500000000,22.8200000000,22.8300000000,22.5900000000,3313.0000000000,75268.7100000000,22,109166840.8600000000
2025-05-12,MDP,MDP,22.6000000000,22.0000000000,22.6000000000,22.0000000000,2367.0000000000,52273.1400000000,17,105244106.0000000000
2025-05-13,MDP,MDP,22.5500000000,22.7800000000,22.8100000000,22.0000000000,2031.0000000000,45154.6500000000,18,108975487.9400000000
2025-05-14,MDP,MDP,22.7500000000,22.7500000000,22.7800000000,22.1000000000,1194.0000000000,26967.2500000000,20,108831973.2500000000
2025-05-15,MDP,MDP,22.6000000000,22.1000000000,22.7000000000,22.1000000000,2545.0000000000,56598.5000000000,19,105722488.3000000000
2025-05-16,MDP,MDP,22.6000000000,22.6900000000,22.6900000000,22.0000000000,2043.0000000000,45510.3700000000,18,108544943.8700000000
2025-05-19,MDP,MDP,22.6500000000,22.5500000000,22.6500000000,21.7800000000,103.0000000000,2267.6600000000,8,107875208.6500000000
2025-05-20,MDP,MDP,21.6300000000,21.2000000000,21.9400000000,21.0000000000,17974.0000000000,383262.2500000000,81,101417047.6000000000
2025-05-21,MDP,MDP,22.2000000000,21.2100000000,22.2000000000,21.2100000000,1224.0000000000,26092.9300000000,11,101464885.8300000000
2025-05-22,MDP,MDP,22.1900000000,21.5000000000,22.1900000000,21.5000000000,775.0000000000,16871.9800000000,14,102852194.5000000000
2025-05-23,MDP,MDP,21.5100000000,21.2000000000,21.5100000000,21.2000000000,11582.0000000000,245809.6000000000,46,101417047.6000000000
2025-05-26,MDP,MDP,21.8000000000,21.5900000000,21.8000000000,20.2000000000,9647.0000000000,203144.2300000000,43,103282738.5700000000
2025-05-27,MDP,MDP,21.6900000000,21.3000000000,21.6900000000,21.0000000000,8131.0000000000,171384.7400000000,21,101895429.9000000000
2025-05-28,MDP,MDP,21.2000000000,21.4900000000,21.6900000000,21.0000000000,1222.0000000000,25844.4200000000,8,102804356.2700000000
2025-05-29,MDP,MDP,21.6400000000,20.5000000000,21.6400000000,20.5000000000,23071.0000000000,478561.8200000000,96,98068371.5000000000
2025-05-30,MDP,MDP,20.5000000000,21.4700000000,21.4700000000,20.0000000000,39586.0000000000,799232.2700000000,122,102708679.8100000000
2025-06-02,MDP,MDP,21.3900000000,21.1900000000,21.3900000000,20.6300000000,5150.0000000000,109040.1200000000,30,101369209.3700000000
2025-06-03,MDP,MDP,20.5900000000,20.1000000000,21.1900000000,20.0500000000,21073.0000000000,426059.2000000000,106,96154842.3000000000
2025-06-04,MDP,MDP,20.5000000000,20.7900000000,20.9900000000,20.3200000000,5131.0000000000,105143.9500000000,21,99455680.1700000000
2025-06-05,MDP,MDP,20.5000000000,20.1000000000,20.8700000000,20.0000000000,72327.0000000000,1459749.5400000000,105,96154842.3000000000
2025-06-06,MDP,MDP,20.8700000000,20.8500000000,20.8700000000,20.7000000000,5653.0000000000,117707.7300000000,31,99742709.5500000000
2025-06-10,MDP,MDP,20.8700000000,20.8500000000,20.8700000000,20.4100000000,2090.0000000000,43496.4800000000,15,99742709.5500000000
2025-06-11,MDP,MDP,20.8200000000,20.8000000000,20.8200000000,20.7000000000,747.0000000000,15537.7000000000,20,99503518.4000000000
2025-06-12,MDP,MDP,20.8000000000,20.7900000000,20.8000000000,20.4400000000,5053.0000000000,103784.4700000000,39,99455680.1700000000
2025-06-13,MDP,MDP,20.0500000000,20.4700000000,20.5000000000,20.0500000000,8242.0000000000,166919.4300000000,52,97924856.8100000000
2025-06-16,MDP,MDP,20.1300000000,20.4000000000,20.4000000000,20.1000000000,4291.0000000000,86418.2400000000,18,97589989.2000000000
2025-06-17,MDP,MDP,20.0000000000,21.3900000000,21.5500000000,20.0000000000,19434.0000000000,410837.0600000000,82,102325973.9700000000
2025-06-18,MDP,MDP,21.3900000000,21.0100000000,21.3900000000,21.0000000000,3006.0000000000,63983.2900000000,15,100508121.2300000000
2025-06-19,MDP,MDP,21.3500000000,19.9000000000,21.3500000000,19.8400000000,15282.0000000000,307568.6500000000,60,95198077.7000000000
2025-06-20,MDP,MDP,20.4900000000,20.9800000000,20.9900000000,20.2200000000,5255.0000000000,107649.9800000000,27,100364606.5400000000
2025-06-23,MDP,MDP,20.8800000000,20.8000000000,20.8800000000,20.0200000000,1598.0000000000,33051.0600000000,14,99503518.4000000000
2025-06-24,MDP,MDP,20.8900000000,20.9000000000,21.0000000000,20.3700000000,2086.0000000000,43231.1400000000,18,99981900.7000000000
2025-06-25,MDP,MDP,20.9000000000,22.9800000000,22.9800000000,20.6000000000,66587.0000000000,1454797.7300000000,125,109932252.5400000000
2025-06-26,MDP,MDP,25.2700000000,25.2700000000,25.2700000000,25.2700000000,29342.0000000000,741472.3400000000,43,120887207.2100000000
2025-06-30,MDP,MDP,27.7900000000,27.7900000000,27.7900000000,27.7900000000,49041.0000000000,1362849.3900000000,63,132942441.1700000000
2025-07-01,MDP,MDP,30.0000000000,30.5600000000,30.5600000000,28.3500000000,177549.0000000000,5307446.1400000000,515,146193630.8800000000
2025-07-02,MDP,MDP,33.6100000000,33.6100000000,33.6100000000,33.6100000000,13599.0000000000,457062.3900000000,40,160784291.0300000000
2025-07-03,MDP,MDP,35.8300000000,30.2500000000,35.8300000000,30.2500000000,198116.0000000000,6478833.3400000000,592,144710645.7500000000
2025-07-04,MDP,MDP,28.1100000000,27.2300000000,28.5000000000,27.2300000000,43781.0000000000,1216883.7300000000,126,130263500.2900000000
2025-07-07,MDP,MDP,25.1000000000,26.8900000000,29.0000000000,24.7000000000,137276.0000000000,3575362.4000000000,492,128637000.4700000000
2025-07-08,MDP,MDP,27.3800000000,27.3700000000,27.4900000000,26.1900000000,23586.0000000000,638301.1600000000,114,130933235.5100000000
2025-07-09,MDP,MDP,27.8000000000,27.4000000000,27.8900000000,26.8000000000,22169.0000000000,601983.3800000000,83,131076750.2000000000
2025-07-10,MDP,MDP,27.4000000000,28.0000000000,30.1200000000,27.4000000000,73160.0000000000,2124376.0500000000,272,133947044.0000000000
2025-07-11,MDP,MDP,28.5000000000,30.7900000000,30.7900000000,28.5000000000,50741.0000000000,1510814.8900000000,186,147293910.1700000000
2025-07-14,MDP,MDP,32.5000000000,31.5000000000,32.6000000000,31.2300000000,41990.0000000000,1341866.1300000000,171,150690424.5000000000
2025-07-15,MDP,MDP,31.9600000000,30.3100000000,31.9600000000,28.8100000000,14628.0000000000,445594.8000000000,65,144997675.1300000000
2025-07-16,MDP,MDP,30.9700000000,29.8000000000,30.9700000000,29.5100000000,14872.0000000000,447374.9600000000,69,142557925.4000000000
2025-07-17,MDP,MDP,29.5000000000,27.2400000000,30.0000000000,27.0100000000,47678.0000000000,1326548.3900000000,183,130311338.5200000000
2025-07-18,MDP,MDP,28.6800000000,28.8000000000,29.4900000000,28.0000000000,19494.0000000000,561423.7300000000,96,137774102.4000000000
2025-07-21,MDP,MDP,28.8100000000,29.9000000000,29.9400000000,28.8100000000,10812.0000000000,317460.9900000000,73,143036307.7000000000
2025-07-22,MDP,MDP,30.0100000000,30.0000000000,31.2300000000,29.1100000000,16870.0000000000,507536.9600000000,100,143514690.0000000000
2025-07-23,MDP,MDP,31.0000000000,29.9700000000,31.0000000000,29.5000000000,7581.0000000000,227577.9700000000,38,143371175.3100000000
2025-07-24,MDP,MDP,30.0000000000,28.6500000000,30.4500000000,28.2200000000,16968.0000000000,487144.1300000000,115,137056528.9500000000
2025-07-25,MDP,MDP,28.7000000000,31.5100000000,31.5100000000,28.7000000000,49529.0000000000,1527701.4600000000,176,150738262.7300000000
2025-07-28,MDP,MDP,33.2900000000,32.4900000000,33.2900000000,32.1600000000,35299.0000000000,1158529.5000000000,186,155426409.2700000000
2025-07-29,MDP,MDP,32.4900000000,31.2100000000,32.4900000000,31.2100000000,15198.0000000000,482135.2800000000,101,149303115.8300000000
2025-07-31,MDP,MDP,32.0000000000,32.7900000000,32.8900000000,31.0000000000,37009.0000000000,1184917.1800000000,144,156861556.1700000000
2025-08-01,MDP,MDP,32.7900000000,33.0000000000,33.9400000000,32.4600000000,52439.0000000000,1743448.5600000000,215,157866159.0000000000
2025-08-04,MDP,MDP,33.9900000000,36.2900000000,36.2900000000,33.9800000000,58276.0000000000,2054284.1600000000,216,173604936.6700000000
2025-08-05,MDP,MDP,39.4800000000,39.2700000000,39.4800000000,36.3000000000,105357.0000000000,4098906.8400000000,412,187860729.2100000000
2025-08-06,MDP,MDP,39.9000000000,40.5000000000,41.0000000000,39.6600000000,66807.0000000000,2706772.0000000000,296,193744831.5000000000
2025-08-07,MDP,MDP,41.0000000000,40.7900000000,42.0000000000,39.1000000000,62059.0000000000,2521479.3200000000,311,195132140.1700000000
2025-08-08,MDP,MDP,40.3900000000,39.5000000000,40.3900000000,38.0000000000,44788.0000000000,1755414.9900000000,262,188961008.5000000000
2025-08-11,MDP,MDP,39.3100000000,38.2500000000,39.3100000000,36.8200000000,21667.0000000000,822262.3100000000,157,182981229.7500000000
2025-08-12,MDP,MDP,38.0000000000,37.6200000000,38.2000000000,37.1000000000,20507.0000000000,772770.9400000000,141,179967421.2600000000
2025-08-13,MDP,MDP,37.5000000000,38.5000000000,39.5000000000,37.0000000000,24764.0000000000,942336.3500000000,180,184177185.5000000000
2025-08-15,MDP,MDP,39.2000000000,38.8500000000,39.5800000000,38.7200000000,17972.0000000000,703817.9200000000,105,185851523.5500000000
2025-08-18,MDP,MDP,39.3000000000,37.9200000000,39.3000000000,37.5000000000,6537.0000000000,248865.3600000000,62,181402568.1600000000
2025-08-19,MDP,MDP,38.0000000000,39.0000000000,39.2000000000,37.0600000000,16487.0000000000,623773.7400000000,100,186569097.0000000000
2025-08-22,MDP,MDP,39.0100000000,37.5000000000,39.4600000000,37.5000000000,27193.0000000000,1035240.6900000000,142,179393362.5000000000
2025-08-25,MDP,MDP,37.3100000000,37.8700000000,38.8900000000,37.3100000000,3750.0000000000,141442.4800000000,67,181163377.0100000000
2025-08-26,MDP,MDP,37.0000000000,37.4000000000,38.3100000000,37.0000000000,13775.0000000000,512864.3200000000,100,178914980.2000000000
2025-08-27,MDP,MDP,38.0000000000,38.2800000000,38.4900000000,37.1000000000,11295.0000000000,429072.6700000000,68,183124744.4400000000
2025-08-28,MDP,MDP,38.8900000000,36.9800000000,38.8900000000,36.9800000000,21529.0000000000,811003.4200000000,133,176905774.5400000000
2025-08-29,MDP,MDP,33.2900000000,33.2900000000,33.2900000000,33.2900000000,10239.0000000000,340856.3100000000,69,159253467.6700000000
2025-09-01,MDP,MDP,29.9700000000,29.9700000000,29.9700000000,29.9700000000,16138.0000000000,483655.8600000000,97,143371175.3100000000
2025-09-02,MDP,MDP,30.3100000000,32.9600000000,32.9600000000,30.3100000000,35855.0000000000,1130395.9500000000,158,157674806.0800000000
2025-09-03,MDP,MDP,34.1100000000,34.2500000000,35.4400000000,33.5500000000,50723.0000000000,1742583.6700000000,286,163845937.7500000000
2025-09-04,MDP,MDP,35.0000000000,34.2700000000,35.3000000000,34.1100000000,13278.0000000000,460826.7400000000,99,163941614.2100000000
2025-09-08,MDP,MDP,34.6800000000,33.1100000000,34.9700000000,32.0200000000,32088.0000000000,1050388.1900000000,243,158392379.5300000000
2025-09-09,MDP,MDP,33.5000000000,32.4000000000,33.9900000000,32.0300000000,28617.0000000000,949618.0600000000,146,154995865.2000000000
2025-09-10,MDP,MDP,32.4000000000,33.2900000000,33.6000000000,32.0300000000,13392.0000000000,440965.5500000000,89,159253467.6700000000
2025-09-11,MDP,MDP,33.2900000000,33.0100000000,33.2900000000,32.6000000000,9128.0000000000,301254.8800000000,66,157913997.2300000000
2025-09-12,MDP,MDP,33.0000000000,32.6500000000,33.2000000000,32.5900000000,12203.0000000000,401278.8800000000,81,156191820.9500000000
2025-09-15,MDP,MDP,32.9900000000,32.8600000000,33.2800000000,32.5000000000,7458.0000000000,244922.2400000000,77,157196423.7800000000
2025-09-16,MDP,MDP,32.5000000000,32.0000000000,32.5000000000,31.7600000000,13477.0000000000,432488.0400000000,83,153082336.0000000000
2025-09-17,MDP,MDP,32.1900000000,32.0000000000,32.8500000000,32.0000000000,21002.0000000000,676677.0200000000,60,153082336.0000000000
2025-09-18,MDP,MDP,31.0500000000,31.2500000000,32.2900000000,31.0500000000,2754.0000000000,86391.5000000000,34,149494468.7500000000
2025-09-19,MDP,MDP,31.5000000000,30.6500000000,31.8000000000,30.5000000000,7763.0000000000,240401.2800000000,73,146624174.9500000000
2025-09-22,MDP,MDP,29.5600000000,30.1100000000,30.8800000000,29.5600000000,7429.0000000000,222429.1900000000,85,144040910.5300000000
2025-09-23,MDP,MDP,30.1000000000,30.5000000000,30.9000000000,29.5100000000,7121.0000000000,215410.6200000000,83,145906601.5000000000
2025-09-24,MDP,MDP,30.9900000000,30.5000000000,30.9900000000,29.9000000000,4485.0000000000,135213.1200000000,37,145906601.5000000000
2025-09-25,MDP,MDP,30.5000000000,30.5200000000,30.9900000000,30.5000000000,1520.0000000000,46662.0600000000,27,146002277.9600000000
2025-09-26,MDP,MDP,30.9600000000,30.0000000000,30.9600000000,29.8000000000,2384.0000000000,72251.1600000000,42,143514690.0000000000
2025-09-29,MDP,MDP,30.9000000000,29.5600000000,30.9500000000,29.5600000000,4090.0000000000,124024.0000000000,38,141409807.8800000000
2025-09-30,MDP,MDP,26.8000000000,29.0000000000,30.0000000000,26.8000000000,10870.0000000000,306196.4200000000,87,138730867.0000000000
2025-10-01,MDP,MDP,29.0000000000,28.2900000000,29.0000000000,27.5500000000,10638.0000000000,301946.2100000000,84,135334352.6700000000
2025-10-02,MDP,MDP,28.0000000000,26.5000000000,28.0000000000,26.4600000000,42888.0000000000,1140159.1800000000,162,126771309.5000000000
2025-10-03,MDP,MDP,26.5000000000,27.5000000000,28.9000000000,26.5000000000,69352.0000000000,1872055.1800000000,151,131555132.5000000000
2025-10-06,MDP,MDP,28.0000000000,28.2000000000,28.2500000000,27.8000000000,9416.0000000000,263842.8600000000,79,134903808.6000000000
2025-10-07,MDP,MDP,29.9000000000,29.1500000000,29.9000000000,28.3000000000,7329.0000000000,214166.7400000000,53,139448440.4500000000
2025-10-08,MDP,MDP,28.5200000000,29.3500000000,29.4500000000,28.5100000000,4454.0000000000,129097.3800000000,36,140405205.0500000000
2025-10-09,MDP,MDP,28.0300000000,28.5000000000,28.9900000000,28.0300000000,4619.0000000000,131339.9000000000,40,136338955.5000000000
2025-10-10,MDP,MDP,28.9900000000,28.8900000000,28.9900000000,28.5000000000,2942.0000000000,84529.1200000000,38,138204646.4700000000
2025-10-13,MDP,MDP,28.1100000000,28.5000000000,28.9200000000,28.1100000000,1457.0000000000,41587.3200000000,22,136338955.5000000000
2025-10-14,MDP,MDP,28.6500000000,28.0000000000,28.6500000000,26.6000000000,8592.0000000000,236798.0100000000,69,133947044.0000000000
2025-10-15,MDP,MDP,28.0000000000,27.5000000000,28.0000000000,26.9000000000,3396.0000000000,91917.9100000000,51,131555132.5000000000
2025-10-16,MDP,MDP,27.0000000000,27.5500000000,28.0000000000,27.0000000000,3203.0000000000,87302.4300000000,30,131794323.6500000000
2025-10-17,MDP,MDP,27.7000000000,27.9400000000,28.0000000000,27.2000000000,912.0000000000,25323.5900000000,15,133660014.6200000000
2025-10-20,MDP,MDP,29.0000000000,28.0000000000,29.0000000000,27.6000000000,7893.0000000000,225460.8900000000,41,133947044.0000000000
2025-10-21,MDP,MDP,28.0100000000,28.8000000000,29.0000000000,28.0100000000,4717.0000000000,133919.3000000000,32,137774102.4000000000
2025-10-22,MDP,MDP,29.9500000000,29.3900000000,29.9500000000,28.5100000000,5551.0000000000,162239.6100000000,53,140596557.9700000000
2025-10-23,MDP,MDP,29.4000000000,29.0000000000,29.4000000000,29.0000000000,1414.0000000000,41258.3100000000,22,138730867.0000000000
2025-10-24,MDP,MDP,28.9500000000,28.9000000000,29.0000000000,28.8000000000,1162.0000000000,33641.1000000000,35,138252484.7000000000
2025-10-27,MDP,MDP,28.9000000000,28.6200000000,29.3000000000,28.2000000000,2155.0000000000,62022.8900000000,33,136913014.2600000000
2025-10-28,MDP,MDP,29.4400000000,29.0000000000,29.4400000000,28.2000000000,3460.0000000000,98380.2500000000,27,138730867.0000000000
2025-10-29,MDP,MDP,29.0000000000,31.8900000000,31.8900000000,28.2000000000,37309.0000000000,1157791.9900000000,152,152556115.4700000000
2025-10-30,MDP,MDP,33.3500000000,32.6100000000,34.5000000000,31.0000000000,64709.0000000000,2154496.3500000000,317,156000468.0300000000
2025-10-31,MDP,MDP,32.0100000000,31.7000000000,33.2900000000,31.6000000000,6737.0000000000,216636.0300000000,79,151647189.1000000000
2025-11-03,MDP,MDP,33.0000000000,32.2800000000,33.0000000000,31.3500000000,6958.0000000000,222537.2300000000,79,154421806.4400000000
2025-11-04,MDP,MDP,32.0000000000,32.1800000000,32.5000000000,31.5000000000,928.0000000000,29482.3600000000,33,153943424.1400000000
2025-11-05,MDP,MDP,32.0600000000,30.6000000000,32.0600000000,30.6000000000,4121.0000000000,128378.1000000000,63,146384983.8000000000
2025-11-07,MDP,MDP,31.8000000000,30.2600000000,31.8000000000,30.2000000000,2711.0000000000,82658.9300000000,33,144758483.9800000000
2025-11-10,MDP,MDP,31.7800000000,29.7000000000,31.7800000000,29.7000000000,4602.0000000000,137818.6100000000,57,142079543.1000000000
2025-11-11,MDP,MDP,29.5100000000,29.8900000000,30.0000000000,28.5000000000,6576.0000000000,190900.3900000000,65,142988469.4700000000
2025-11-12,MDP,MDP,29.8900000000,28.9900000000,29.9000000000,27.6000000000,4732.0000000000,132405.1400000000,44,138683028.7700000000
2025-11-13,MDP,MDP,28.2500000000,28.7500000000,28.7500000000,28.2500000000,3671.0000000000,105142.4400000000,30,137534911.2500000000
2025-11-14,MDP,MDP,29.8800000000,28.5500000000,29.8800000000,28.5400000000,1191.0000000000,34780.0900000000,32,136578146.6500000000
2025-11-17,MDP,MDP,29.9300000000,28.2300000000,29.9300000000,28.2100000000,3273.0000000000,93088.4200000000,37,135047323.2900000000
2025-11-19,MDP,MDP,28.0300000000,27.5100000000,28.2300000000,27.5000000000,10571.0000000000,294832.8700000000,75,131602970.7300000000
2025-11-20,MDP,MDP,27.6000000000,28.0900000000,28.1000000000,27.6000000000,1080.0000000000,29989.5000000000,15,134377588.0700000000
2025-11-21,MDP,MDP,28.0000000000,27.6000000000,28.0000000000,27.5100000000,1381.0000000000,38151.3900000000,16,132033514.8000000000
2025-11-24,MDP,MDP,27.5500000000,27.5200000000,27.9800000000,27.5100000000,2518.0000000000,69334.3000000000,36,131650808.9600000000
2025-11-25,MDP,MDP,27.5100000000,27.9500000000,27.9600000000,27.2000000000,1009.0000000000,27948.3200000000,26,133707852.8500000000
2025-11-26,MDP,MDP,27.5000000000,27.8000000000,28.0000000000,27.5000000000,734.0000000000,20413.0500000000,18,132990279.4000000000
2025-11-27,MDP,MDP,27.5300000000,27.6000000000,28.6000000000,27.5300000000,1597.0000000000,44395.2000000000,30,132033514.8000000000
2025-11-28,MDP,MDP,28.2900000000,27.8300000000,28.2900000000,27.0000000000,6609.0000000000,182441.0400000000,63,133133794.0900000000
2025-12-01,MDP,MDP,28.2800000000,27.6000000000,28.2800000000,27.5500000000,1578.0000000000,43643.2600000000,33,132033514.8000000000
2025-12-02,MDP,MDP,28.8000000000,27.9900000000,28.8000000000,27.1000000000,1207.0000000000,33289.6900000000,25,133899205.7700000000
2025-12-03,MDP,MDP,29.0000000000,28.8900000000,29.0000000000,27.6000000000,5199.0000000000,149715.1100000000,40,138204646.4700000000
2025-12-04,MDP,MDP,27.6000000000,27.6700000000,28.7000000000,27.6000000000,3718.0000000000,104762.7800000000,34,132368382.4100000000
2025-12-05,MDP,MDP,27.8000000000,27.8000000000,28.0000000000,27.8000000000,1502.0000000000,41796.5000000000,29,132990279.4000000000
2025-12-08,MDP,MDP,27.9000000000,27.5900000000,27.9000000000,26.8400000000,3012.0000000000,81884.5000000000,50,131985676.5700000000
2025-12-09,MDP,MDP,27.9500000000,27.5100000000,27.9500000000,27.5100000000,2151.0000000000,59843.3600000000,31,131602970.7300000000
2025-12-10,MDP,MDP,27.9500000000,27.8500000000,28.0000000000,26.7200000000,1362.0000000000,37181.0400000000,38,133229470.5500000000
2025-12-11,MDP,MDP,27.0000000000,26.8000000000,27.8000000000,26.7200000000,1270.0000000000,34076.6200000000,28,128206456.4000000000
2025-12-12,MDP,MDP,26.5100000000,27.5000000000,27.5000000000,26.5100000000,2587.0000000000,69941.6000000000,51,131555132.5000000000
2025-12-15,MDP,MDP,27.7700000000,27.8500000000,28.0000000000,27.3500000000,3343.0000000000,92912.3600000000,48,133229470.5500000000
2025-12-16,MDP,MDP,27.8800000000,26.8400000000,27.8800000000,26.8400000000,1913.0000000000,51656.9700000000,58,128397809.3200000000
2025-12-17,MDP,MDP,27.0000000000,26.9700000000,27.0000000000,26.8400000000,2991.0000000000,80608.7900000000,36,129019706.3100000000
2025-12-18,MDP,MDP,27.5000000000,27.2800000000,27.5000000000,26.3000000000,7160.0000000000,190780.8300000000,56,130502691.4400000000
2025-12-19,MDP,MDP,27.9900000000,27.2800000000,27.9900000000,26.9000000000,1602.0000000000,43424.1600000000,19,130502691.4400000000
2025-12-22,MDP,MDP,26.9100000000,26.9700000000,27.9500000000,26.9100000000,641.0000000000,17623.3500000000,19,129019706.3100000000
2025-12-23,MDP,MDP,27.8000000000,26.9000000000,27.8000000000,26.3200000000,2433.0000000000,65183.2500000000,49,128684838.7000000000
2025-12-24,MDP,MDP,26.5100000000,26.7000000000,27.2700000000,26.5100000000,1351.0000000000,35852.9800000000,32,127728074.1000000000
2025-12-25,MDP,MDP,26.5100000000,27.0000000000,27.3000000000,26.5100000000,2322.0000000000,62341.6300000000,36,129163221.0000000000
2025-12-26,MDP,MDP,27.0000000000,26.5600000000,27.2000000000,26.5600000000,3380.0000000000,91064.6000000000,36,127058338.8800000000
2025-12-29,MDP,MDP,26.5500000000,26.3300000000,27.0000000000,26.3200000000,2520.0000000000,66722.5600000000,52,125958059.5900000000
2025-12-30,MDP,MDP,26.9800000000,26.7700000000,26.9800000000,26.2000000000,1285.0000000000,34117.8300000000,31,128062941.7100000000
2025-12-31,MDP,MDP,27.0900000000,26.5300000000,27.0900000000,26.4000000000,1506.0000000000,40236.1100000000,32,126914824.1900000000
2026-01-02,MDP,MDP,27.0000000000,27.2900000000,27.5000000000,26.5600000000,3087.0000000000,82988.2200000000,40,130550529.6700000000
2026-01-05,MDP,MDP,27.5000000000,27.0100000000,27.5000000000,27.0000000000,2613.0000000000,71366.7200000000,46,129211059.2300000000
2026-01-06,MDP,MDP,27.5000000000,27.4800000000,27.5000000000,27.0000000000,3257.0000000000,88403.2800000000,45,131459456.0400000000
2026-01-07,MDP,MDP,26.9500000000,27.4000000000,27.5000000000,26.9500000000,1174.0000000000,31709.2800000000,32,131076750.2000000000
2026-01-08,MDP,MDP,27.2500000000,27.2500000000,27.3000000000,26.9100000000,2332.0000000000,62975.1600000000,38,130359176.7500000000
2026-01-09,MDP,MDP,27.0000000000,27.0000000000,27.0100000000,26.9100000000,1444.0000000000,38953.8100000000,21,129163221.0000000000
2026-01-12,MDP,MDP,28.0000000000,27.6000000000,28.0000000000,26.9600000000,4107.0000000000,113423.1800000000,52,132033514.8000000000
2026-01-13,MDP,MDP,27.6000000000,27.6900000000,27.6900000000,26.8000000000,3680.0000000000,99236.7900000000,43,132464058.8700000000
2026-01-15,MDP,MDP,27.5000000000,27.0000000000,27.5000000000,26.9900000000,676.0000000000,18294.3500000000,18,129163221.0000000000
2026-01-16,MDP,MDP,27.6000000000,26.7000000000,27.6000000000,26.5600000000,669.0000000000,17910.4700000000,24,127728074.1000000000
2026-01-19,MDP,MDP,26.6000000000,26.5100000000,27.4000000000,26.5100000000,1567.0000000000,41812.0900000000,28,126819147.7300000000
2026-01-20,MDP,MDP,27.0000000000,26.9000000000,27.0000000000,26.5100000000,915.0000000000,24648.9000000000,14,128684838.7000000000
2026-01-21,MDP,MDP,27.2000000000,27.1000000000,27.2000000000,26.6500000000,1934.0000000000,52414.4500000000,24,129641603.3000000000
2026-01-22,MDP,MDP,26.4100000000,27.0000000000,27.1000000000,26.4100000000,1800.0000000000,47868.4500000000,15,129163221.0000000000
2026-01-23,MDP,MDP,26.5500000000,26.1300000000,27.1800000000,26.1000000000,2226.0000000000,58925.8100000000,46,125001294.9900000000
2026-01-26,MDP,MDP,26.1300000000,25.7900000000,26.1300000000,25.0000000000,4020.0000000000,102370.0700000000,44,123374795.1700000000
2026-01-27,MDP,MDP,25.2900000000,25.2800000000,26.6800000000,25.2400000000,7053.0000000000,178934.6500000000,39,120935045.4400000000
2026-01-28,MDP,MDP,25.5200000000,26.3500000000,26.3900000000,25.5200000000,1532.0000000000,39897.8800000000,25,126053736.0500000000
2026-01-29,MDP,MDP,26.5000000000,25.7600000000,26.7000000000,25.7100000000,676.0000000000,17645.8100000000,21,123231280.4800000000
2026-01-30,MDP,MDP,26.4400000000,26.0000000000,26.4400000000,25.3000000000,4388.0000000000,111723.9700000000,35,124379398.0000000000
2026-02-02,MDP,MDP,26.0000000000,25.7000000000,26.0000000000,25.0300000000,3603.0000000000,91380.7700000000,25,122944251.1000000000
2026-02-03,MDP,MDP,26.0000000000,26.0000000000,26.0000000000,25.0000000000,4215.0000000000,106364.8500000000,34,124379398.0000000000
2026-02-04,MDP,MDP,26.0000000000,25.2500000000,26.0000000000,25.1000000000,1227.0000000000,31412.3100000000,24,120791530.7500000000
2026-02-05,MDP,MDP,26.0000000000,25.2500000000,26.8500000000,25.2200000000,7162.0000000000,185556.8800000000,64,120791530.7500000000
2026-02-06,MDP,MDP,25.6000000000,25.8000000000,25.9900000000,25.0000000000,1694.0000000000,42658.8100000000,30,123422633.4000000000
2026-02-09,MDP,MDP,25.0000000000,26.0000000000,26.2000000000,25.0000000000,944.0000000000,24209.7500000000,32,124379398.0000000000
2026-02-10,MDP,MDP,25.2500000000,26.0000000000,26.1900000000,25.2500000000,678.0000000000,17669.7400000000,21,124379398.0000000000
2026-02-11,MDP,MDP,26.0000000000,26.0000000000,26.8500000000,25.1500000000,4070.0000000000,106784.1900000000,23,124379398.0000000000
2026-02-12,MDP,MDP,26.8400000000,26.5000000000,26.8400000000,26.0000000000,772.0000000000,20625.0000000000,17,126771309.5000000000
2026-02-13,MDP,MDP,26.7500000000,26.5000000000,26.7500000000,25.7200000000,1229.0000000000,32163.7900000000,23,126771309.5000000000
2026-02-16,MDP,MDP,26.7000000000,26.5000000000,26.7000000000,26.5000000000,1439.0000000000,38413.5000000000,19,126771309.5000000000
2026-02-17,MDP,MDP,26.5500000000,26.5500000000,26.8500000000,26.0000000000,606.0000000000,16076.1000000000,15,127010500.6500000000
2026-02-18,MDP,MDP,25.8000000000,26.5000000000,26.5000000000,25.8000000000,1153.0000000000,29938.1700000000,20,126771309.5000000000
2026-02-19,MDP,MDP,26.0000000000,26.0000000000,26.0000000000,26.0000000000,1.0000000000,26.0000000000,1,124379398.0000000000
2026-02-20,MDP,MDP,26.7000000000,26.0000000000,26.7000000000,25.8700000000,1751.0000000000,45596.0300000000,20,124379398.0000000000
2026-02-23,MDP,MDP,25.8400000000,25.8400000000,25.8400000000,25.8400000000,51.0000000000,1317.8400000000,5,123613986.3200000000
2026-02-24,MDP,MDP,25.8200000000,25.8200000000,25.8200000000,25.8200000000,311.0000000000,8030.0200000000,11,123518309.8600000000
2026-02-25,MDP,MDP,26.5000000000,26.0000000000,26.5000000000,26.0000000000,646.0000000000,17062.9900000000,10,124379398.0000000000
2026-02-26,MDP,MDP,25.8100000000,26.0000000000,26.0000000000,25.8100000000,269.0000000000,6951.5000000000,12,124379398.0000000000
2026-02-27,MDP,MDP,25.8100000000,25.9900000000,25.9900000000,25.0000000000,967.0000000000,24429.9300000000,19,124331559.7700000000
2026-03-02,MDP,MDP,24.8000000000,23.4000000000,24.8000000000,23.4000000000,10478.0000000000,248164.5000000000,107,111941458.2000000000
2026-03-03,MDP,MDP,22.0000000000,21.5000000000,22.4000000000,21.0700000000,7680.0000000000,164591.8900000000,80,102852194.5000000000
2026-03-04,MDP,MDP,22.0000000000,23.6400000000,23.6400000000,22.0000000000,4402.0000000000,99804.2000000000,45,113089575.7200000000
2026-03-05,MDP,MDP,23.6400000000,24.9500000000,24.9500000000,23.6400000000,2917.0000000000,72056.9600000000,35,119356383.8500000000
2026-03-06,MDP,MDP,25.0000000000,24.5000000000,25.1000000000,24.4000000000,1911.0000000000,47475.6300000000,32,117203663.5000000000
2026-03-09,MDP,MDP,24.5000000000,24.8000000000,24.8000000000,23.8000000000,1004.0000000000,24203.0000000000,30,118638810.4000000000
2026-03-10,MDP,MDP,24.0000000000,24.0400000000,24.8900000000,24.0000000000,3297.0000000000,79808.1200000000,35,115003104.9200000000
2026-03-11,MDP,MDP,24.9500000000,24.5000000000,25.0000000000,24.5000000000,3934.0000000000,97330.1800000000,26,117203663.5000000000
2026-03-12,MDP,MDP,25.9000000000,24.5000000000,25.9000000000,24.5000000000,3580.0000000000,91477.2600000000,33,117203663.5000000000
2026-03-13,MDP,MDP,24.5000000000,25.2000000000,25.2000000000,24.5000000000,170.0000000000,4253.2000000000,7,120552339.6000000000
2026-03-16,MDP,MDP,24.9900000000,24.1000000000,25.0000000000,24.1000000000,1492.0000000000,36114.9800000000,17,115290134.3000000000
2026-03-17,MDP,MDP,24.9000000000,24.0000000000,24.9000000000,23.9500000000,223.0000000000,5407.8000000000,14,114811752.0000000000
2026-03-18,MDP,MDP,24.9000000000,24.8000000000,24.9000000000,24.5000000000,869.0000000000,21589.1000000000,7,118638810.4000000000
2026-03-19,MDP,MDP,24.9000000000,24.9500000000,24.9500000000,24.0000000000,2588.0000000000,63623.9000000000,16,119356383.8500000000
2026-03-24,MDP,MDP,25.0000000000,25.0000000000,25.0000000000,24.0000000000,383.0000000000,9438.9800000000,21,119595575.0000000000
2026-03-25,MDP,MDP,24.1200000000,24.1700000000,24.8900000000,24.1200000000,2282.0000000000,55596.4900000000,28,115625001.9100000000
2026-03-26,MDP,MDP,24.1000000000,24.2000000000,24.4200000000,24.0600000000,1340.0000000000,32449.7900000000,22,115768516.6000000000
2026-03-27,MDP,MDP,24.9000000000,24.4900000000,24.9000000000,24.1700000000,560.0000000000,13634.1100000000,13,117155825.2700000000
2026-03-30,MDP,MDP,24.8000000000,24.8000000000,24.8000000000,24.5000000000,210.0000000000,5175.6000000000,6,118638810.4000000000
2026-03-31,MDP,MDP,24.7500000000,24.7000000000,24.7500000000,24.1800000000,149.0000000000,3628.2000000000,7,118160428.1000000000
2026-04-01,MDP,MDP,24.4000000000,24.5000000000,24.7000000000,24.0000000000,1320.0000000000,32168.6300000000,24,117203663.5000000000
2026-04-02,MDP,MDP,24.7900000000,24.0500000000,24.7900000000,24.0000000000,1937.0000000000,46653.0600000000,24,115050943.1500000000
2026-04-03,MDP,MDP,24.5000000000,24.8000000000,24.9900000000,24.0500000000,1894.0000000000,46812.5500000000,25,118638810.4000000000
2026-04-06,MDP,MDP,24.8000000000,23.8300000000,24.9900000000,23.6200000000,3115.0000000000,75103.3200000000,34,113998502.0900000000
2026-04-07,MDP,MDP,24.9900000000,24.7000000000,24.9900000000,23.9000000000,3119.0000000000,77319.2300000000,22,118160428.1000000000
2026-04-08,MDP,MDP,24.7000000000,25.2500000000,25.4800000000,24.1700000000,6799.0000000000,169343.9400000000,60,120791530.7500000000
